task_key,strategy_profile,strategy_profile_version,query_family,query_kind,query_pass,platform,lane,career_lane,lane_label,allocation_percent,profile,priority,initial_order,career_priority,execution_rank,query,remote_required,age_days,sort_mode,enabled,resume_variant,search_url,phase,max_results
T508C3082389846FB0A,jobbot-broad-qualified-yield,2026-09-22.1,provider_lifecycle_credentialing_data,intent,linkedin_intent,linkedin,HEALTHCARE_OPS_ACCESS,HEALTHCARE_OPS_ACCESS,Healthcare operations / access,35,P0-healthcare-operations-access,1,1,0,11001,"provider lifecycle, credentialing, enrollment and provider data maintenance roles at health plans",True,7,newest,True,enrollment_operations,https://www.linkedin.com/jobs/search/?f_TPR=r604800&f_WT=2&keywords=provider+lifecycle%2C+credentialing%2C+enrollment+and+provider+data+maintenance+roles+at+health+plans&location=United+States&sortBy=DD,A_FASTEST_DOOR_RECENT,
T897F4D5FBD698AE97D,jobbot-broad-qualified-yield,2026-09-22.1,provider_lifecycle_credentialing_data,intent,linkedin_intent,linkedin,HEALTHCARE_OPS_ACCESS,HEALTHCARE_OPS_ACCESS,Healthcare operations / access,35,P0-healthcare-operations-access,1,1,0,11002,healthcare credentialing operations including provider onboarding and roster maintenance,True,7,newest,True,enrollment_operations,https://www.linkedin.com/jobs/search/?f_TPR=r604800&f_WT=2&keywords=healthcare+credentialing+operations+including+provider+onboarding+and+roster+maintenance&location=United+States&sortBy=DD,A_FASTEST_DOOR_RECENT,
T92639E1252062B922C,jobbot-broad-qualified-yield,2026-09-22.1,provider_lifecycle_credentialing_data,title_family,linkedin_title_family,linkedin,HEALTHCARE_OPS_ACCESS,HEALTHCARE_OPS_ACCESS,Healthcare operations / access,35,P0-healthcare-operations-access,1,1,0,12001,"""provider enrollment"" OR ""provider credentialing"" specialist coordinator",True,7,newest,True,enrollment_operations,https://www.linkedin.com/jobs/search/?f_TPR=r604800&f_WT=2&keywords=%22provider+enrollment%22+OR+%22provider+credentialing%22+specialist+coordinator&location=United+States&sortBy=DD,A_FASTEST_DOOR_RECENT,
T04F4024DA055BCF0A5,jobbot-broad-qualified-yield,2026-09-22.1,provider_lifecycle_credentialing_data,title_family,linkedin_title_family,linkedin,HEALTHCARE_OPS_ACCESS,HEALTHCARE_OPS_ACCESS,Healthcare operations / access,35,P0-healthcare-operations-access,1,1,0,12002,"""provider data"" credentialing roster specialist",True,7,newest,True,enrollment_operations,https://www.linkedin.com/jobs/search/?f_TPR=r604800&f_WT=2&keywords=%22provider+data%22+credentialing+roster+specialist&location=United+States&sortBy=DD,A_FASTEST_DOOR_RECENT,
T14C9C46B808A6DF60E,jobbot-broad-qualified-yield,2026-09-22.1,healthcare_quality_data_documentation_compliance,intent,linkedin_intent,linkedin,HEALTHCARE_QUALITY_DATA,HEALTHCARE_QUALITY_DATA,Healthcare quality / data / analytics,20,P1-healthcare-quality-data,2,2,1,21001,nonclinical healthcare quality documentation audit and compliance operations,True,7,newest,True,healthcare_data_quality,https://www.linkedin.com/jobs/search/?f_TPR=r604800&f_WT=2&keywords=nonclinical+healthcare+quality+documentation+audit+and+compliance+operations&location=United+States&sortBy=DD,A_FASTEST_DOOR_RECENT,
TF17EE429DA2A2FFDC4,jobbot-broad-qualified-yield,2026-09-22.1,healthcare_quality_data_documentation_compliance,intent,linkedin_intent,linkedin,HEALTHCARE_QUALITY_DATA,HEALTHCARE_QUALITY_DATA,Healthcare quality / data / analytics,20,P1-healthcare-quality-data,2,2,1,21002,health information records accuracy data quality and documentation review,True,7,newest,True,healthcare_data_quality,https://www.linkedin.com/jobs/search/?f_TPR=r604800&f_WT=2&keywords=health+information+records+accuracy+data+quality+and+documentation+review&location=United+States&sortBy=DD,A_FASTEST_DOOR_RECENT,
T63E1047DFB7DD28681,jobbot-broad-qualified-yield,2026-09-22.1,healthcare_quality_data_documentation_compliance,title_family,linkedin_title_family,linkedin,HEALTHCARE_QUALITY_DATA,HEALTHCARE_QUALITY_DATA,Healthcare quality / data / analytics,20,P1-healthcare-quality-data,2,2,1,22001,"""healthcare quality"" OR ""documentation quality"" specialist coordinator",True,7,newest,True,healthcare_data_quality,https://www.linkedin.com/jobs/search/?f_TPR=r604800&f_WT=2&keywords=%22healthcare+quality%22+OR+%22documentation+quality%22+specialist+coordinator&location=United+States&sortBy=DD,A_FASTEST_DOOR_RECENT,
TA327E1BC8E983DDCB1,jobbot-broad-qualified-yield,2026-09-22.1,healthcare_quality_data_documentation_compliance,title_family,linkedin_title_family,linkedin,HEALTHCARE_QUALITY_DATA,HEALTHCARE_QUALITY_DATA,Healthcare quality / data / analytics,20,P1-healthcare-quality-data,2,2,1,22002,"""health information"" records compliance quality specialist",True,7,newest,True,healthcare_data_quality,https://www.linkedin.com/jobs/search/?f_TPR=r604800&f_WT=2&keywords=%22health+information%22+records+compliance+quality+specialist&location=United+States&sortBy=DD,A_FASTEST_DOOR_RECENT,
TEDF1C8C2C54FB3B9F4,jobbot-broad-qualified-yield,2026-09-22.1,healthcare_project_implementation_program_support,intent,linkedin_intent,linkedin,HEALTHCARE_IMPLEMENTATION,HEALTHCARE_IMPLEMENTATION,Healthcare implementation / project / program,10,P1-healthcare-implementation-project,3,3,1,31001,healthcare implementation and project coordination workflow support,True,7,newest,True,healthcare_data_quality,https://www.linkedin.com/jobs/search/?f_TPR=r604800&f_WT=2&keywords=healthcare+implementation+and+project+coordination+workflow+support&location=United+States&sortBy=DD,A_FASTEST_DOOR_RECENT,
T8A041081B2368F132F,jobbot-broad-qualified-yield,2026-09-22.1,healthcare_project_implementation_program_support,intent,linkedin_intent,linkedin,HEALTHCARE_IMPLEMENTATION,HEALTHCARE_IMPLEMENTATION,Healthcare implementation / project / program,10,P1-healthcare-implementation-project,3,3,1,31002,healthcare program operations project tracking and implementation support,True,7,newest,True,healthcare_data_quality,https://www.linkedin.com/jobs/search/?f_TPR=r604800&f_WT=2&keywords=healthcare+program+operations+project+tracking+and+implementation+support&location=United+States&sortBy=DD,A_FASTEST_DOOR_RECENT,
T101155CA63DAB54220,jobbot-broad-qualified-yield,2026-09-22.1,healthcare_project_implementation_program_support,title_family,linkedin_title_family,linkedin,HEALTHCARE_IMPLEMENTATION,HEALTHCARE_IMPLEMENTATION,Healthcare implementation / project / program,10,P1-healthcare-implementation-project,3,3,1,32001,"""healthcare project coordinator"" OR ""implementation coordinator""",True,7,newest,True,healthcare_data_quality,https://www.linkedin.com/jobs/search/?f_TPR=r604800&f_WT=2&keywords=%22healthcare+project+coordinator%22+OR+%22implementation+coordinator%22&location=United+States&sortBy=DD,A_FASTEST_DOOR_RECENT,
T0B5D221EB26045C448,jobbot-broad-qualified-yield,2026-09-22.1,healthcare_project_implementation_program_support,title_family,linkedin_title_family,linkedin,HEALTHCARE_IMPLEMENTATION,HEALTHCARE_IMPLEMENTATION,Healthcare implementation / project / program,10,P1-healthcare-implementation-project,3,3,1,32002,healthcare program implementation operations specialist,True,7,newest,True,healthcare_data_quality,https://www.linkedin.com/jobs/search/?f_TPR=r604800&f_WT=2&keywords=healthcare+program+implementation+operations+specialist&location=United+States&sortBy=DD,A_FASTEST_DOOR_RECENT,
TCB306DABCA4F108530,jobbot-broad-qualified-yield,2026-09-22.1,provider_lifecycle_credentialing_data,exact_phrase,indeed_exact_phrase,indeed,HEALTHCARE_OPS_ACCESS,HEALTHCARE_OPS_ACCESS,Healthcare operations / access,35,P0-healthcare-operations-access,1,1,0,11001,"""provider enrollment specialist""",True,7,newest,True,enrollment_operations,https://www.indeed.com/jobs?q=%22provider+enrollment+specialist%22&l=Remote&fromage=7&sort=date,A_FASTEST_DOOR_RECENT,
T419CC19435768AC701,jobbot-broad-qualified-yield,2026-09-22.1,provider_lifecycle_credentialing_data,exact_phrase,indeed_exact_phrase,indeed,HEALTHCARE_OPS_ACCESS,HEALTHCARE_OPS_ACCESS,Healthcare operations / access,35,P0-healthcare-operations-access,1,1,0,11002,"""credentialing coordinator""",True,7,newest,True,enrollment_operations,https://www.indeed.com/jobs?q=%22credentialing+coordinator%22&l=Remote&fromage=7&sort=date,A_FASTEST_DOOR_RECENT,
T7AE03578FDC94A831E,jobbot-broad-qualified-yield,2026-09-22.1,provider_lifecycle_credentialing_data,compact_boolean,indeed_compact_boolean,indeed,HEALTHCARE_OPS_ACCESS,HEALTHCARE_OPS_ACCESS,Healthcare operations / access,35,P0-healthcare-operations-access,1,1,0,12001,"""provider roster"" OR ""provider data""",True,7,newest,True,enrollment_operations,https://www.indeed.com/jobs?q=%22provider+roster%22+OR+%22provider+data%22&l=Remote&fromage=7&sort=date,A_FASTEST_DOOR_RECENT,
T76964EB2E69666F015,jobbot-broad-qualified-yield,2026-09-22.1,healthcare_quality_data_documentation_compliance,exact_phrase,indeed_exact_phrase,indeed,HEALTHCARE_QUALITY_DATA,HEALTHCARE_QUALITY_DATA,Healthcare quality / data / analytics,20,P1-healthcare-quality-data,2,2,1,21001,"""healthcare quality specialist""",True,7,newest,True,healthcare_data_quality,https://www.indeed.com/jobs?q=%22healthcare+quality+specialist%22&l=Remote&fromage=7&sort=date,A_FASTEST_DOOR_RECENT,
T067A820C44E25EF965,jobbot-broad-qualified-yield,2026-09-22.1,healthcare_quality_data_documentation_compliance,exact_phrase,indeed_exact_phrase,indeed,HEALTHCARE_QUALITY_DATA,HEALTHCARE_QUALITY_DATA,Healthcare quality / data / analytics,20,P1-healthcare-quality-data,2,2,1,21002,"""medical records specialist""",True,7,newest,True,healthcare_data_quality,https://www.indeed.com/jobs?q=%22medical+records+specialist%22&l=Remote&fromage=7&sort=date,A_FASTEST_DOOR_RECENT,
TFA3933553E7F304BFD,jobbot-broad-qualified-yield,2026-09-22.1,healthcare_quality_data_documentation_compliance,compact_boolean,indeed_compact_boolean,indeed,HEALTHCARE_QUALITY_DATA,HEALTHCARE_QUALITY_DATA,Healthcare quality / data / analytics,20,P1-healthcare-quality-data,2,2,1,22001,"""health information"" OR ""documentation audit""",True,7,newest,True,healthcare_data_quality,https://www.indeed.com/jobs?q=%22health+information%22+OR+%22documentation+audit%22&l=Remote&fromage=7&sort=date,A_FASTEST_DOOR_RECENT,
TF6E0FD30BDEB881DA9,jobbot-broad-qualified-yield,2026-09-22.1,healthcare_project_implementation_program_support,exact_phrase,indeed_exact_phrase,indeed,HEALTHCARE_IMPLEMENTATION,HEALTHCARE_IMPLEMENTATION,Healthcare implementation / project / program,10,P1-healthcare-implementation-project,3,3,1,31001,"""healthcare project coordinator""",True,7,newest,True,healthcare_data_quality,https://www.indeed.com/jobs?q=%22healthcare+project+coordinator%22&l=Remote&fromage=7&sort=date,A_FASTEST_DOOR_RECENT,
TDAB31528928F102110,jobbot-broad-qualified-yield,2026-09-22.1,healthcare_project_implementation_program_support,exact_phrase,indeed_exact_phrase,indeed,HEALTHCARE_IMPLEMENTATION,HEALTHCARE_IMPLEMENTATION,Healthcare implementation / project / program,10,P1-healthcare-implementation-project,3,3,1,31002,"""implementation coordinator healthcare""",True,7,newest,True,healthcare_data_quality,https://www.indeed.com/jobs?q=%22implementation+coordinator+healthcare%22&l=Remote&fromage=7&sort=date,A_FASTEST_DOOR_RECENT,
T5508C100F2095FFE89,jobbot-broad-qualified-yield,2026-09-22.1,healthcare_project_implementation_program_support,compact_boolean,indeed_compact_boolean,indeed,HEALTHCARE_IMPLEMENTATION,HEALTHCARE_IMPLEMENTATION,Healthcare implementation / project / program,10,P1-healthcare-implementation-project,3,3,1,32001,"""healthcare implementation"" OR ""project coordinator"" healthcare",True,7,newest,True,healthcare_data_quality,https://www.indeed.com/jobs?q=%22healthcare+implementation%22+OR+%22project+coordinator%22+healthcare&l=Remote&fromage=7&sort=date,A_FASTEST_DOOR_RECENT,
T7CD4065B8AFB8AD992,jobbot-broad-qualified-yield,2026-09-22.1,provider_lifecycle_credentialing_data,narrow_title,glassdoor_narrow_title,glassdoor,HEALTHCARE_OPS_ACCESS,HEALTHCARE_OPS_ACCESS,Healthcare operations / access,35,P0-healthcare-operations-access,1,1,0,11001,provider enrollment specialist,True,7,newest,True,enrollment_operations,"https://www.glassdoor.com/Job/remote-provider-enrollment-specialist-jobs-SRCH_IL.0,6_IS11047_KO7,37.htm",A_FASTEST_DOOR_RECENT,
T9F6EACC86616736729,jobbot-broad-qualified-yield,2026-09-22.1,provider_lifecycle_credentialing_data,narrow_title,glassdoor_narrow_title,glassdoor,HEALTHCARE_OPS_ACCESS,HEALTHCARE_OPS_ACCESS,Healthcare operations / access,35,P0-healthcare-operations-access,1,1,0,11002,credentialing coordinator,True,7,newest,True,enrollment_operations,"https://www.glassdoor.com/Job/remote-credentialing-coordinator-jobs-SRCH_IL.0,6_IS11047_KO7,32.htm",A_FASTEST_DOOR_RECENT,
T569258940EA5B982B8,jobbot-broad-qualified-yield,2026-09-22.1,provider_lifecycle_credentialing_data,narrow_title,glassdoor_narrow_title,glassdoor,HEALTHCARE_OPS_ACCESS,HEALTHCARE_OPS_ACCESS,Healthcare operations / access,35,P0-healthcare-operations-access,1,1,0,11003,provider data specialist,True,7,newest,True,enrollment_operations,"https://www.glassdoor.com/Job/remote-provider-data-specialist-jobs-SRCH_IL.0,6_IS11047_KO7,31.htm",A_FASTEST_DOOR_RECENT,
T7CF00158903694B93B,jobbot-broad-qualified-yield,2026-09-22.1,healthcare_quality_data_documentation_compliance,narrow_title,glassdoor_narrow_title,glassdoor,HEALTHCARE_QUALITY_DATA,HEALTHCARE_QUALITY_DATA,Healthcare quality / data / analytics,20,P1-healthcare-quality-data,2,2,1,21001,healthcare quality specialist,True,7,newest,True,healthcare_data_quality,"https://www.glassdoor.com/Job/remote-healthcare-quality-specialist-jobs-SRCH_IL.0,6_IS11047_KO7,36.htm",A_FASTEST_DOOR_RECENT,
TF13E2D030B3F467350,jobbot-broad-qualified-yield,2026-09-22.1,healthcare_quality_data_documentation_compliance,narrow_title,glassdoor_narrow_title,glassdoor,HEALTHCARE_QUALITY_DATA,HEALTHCARE_QUALITY_DATA,Healthcare quality / data / analytics,20,P1-healthcare-quality-data,2,2,1,21002,medical records coordinator,True,7,newest,True,healthcare_data_quality,"https://www.glassdoor.com/Job/remote-medical-records-coordinator-jobs-SRCH_IL.0,6_IS11047_KO7,34.htm",A_FASTEST_DOOR_RECENT,
T9BE2024D3A472DD90A,jobbot-broad-qualified-yield,2026-09-22.1,healthcare_quality_data_documentation_compliance,narrow_title,glassdoor_narrow_title,glassdoor,HEALTHCARE_QUALITY_DATA,HEALTHCARE_QUALITY_DATA,Healthcare quality / data / analytics,20,P1-healthcare-quality-data,2,2,1,21003,documentation quality specialist,True,7,newest,True,healthcare_data_quality,"https://www.glassdoor.com/Job/remote-documentation-quality-specialist-jobs-SRCH_IL.0,6_IS11047_KO7,39.htm",A_FASTEST_DOOR_RECENT,
T565890F85B201FE303,jobbot-broad-qualified-yield,2026-09-22.1,healthcare_project_implementation_program_support,narrow_title,glassdoor_narrow_title,glassdoor,HEALTHCARE_IMPLEMENTATION,HEALTHCARE_IMPLEMENTATION,Healthcare implementation / project / program,10,P1-healthcare-implementation-project,3,3,1,31001,healthcare project coordinator,True,7,newest,True,healthcare_data_quality,"https://www.glassdoor.com/Job/remote-healthcare-project-coordinator-jobs-SRCH_IL.0,6_IS11047_KO7,37.htm",A_FASTEST_DOOR_RECENT,
T3156C0DBDBE0277BB0,jobbot-broad-qualified-yield,2026-09-22.1,healthcare_project_implementation_program_support,narrow_title,glassdoor_narrow_title,glassdoor,HEALTHCARE_IMPLEMENTATION,HEALTHCARE_IMPLEMENTATION,Healthcare implementation / project / program,10,P1-healthcare-implementation-project,3,3,1,31002,healthcare implementation coordinator,True,7,newest,True,healthcare_data_quality,"https://www.glassdoor.com/Job/remote-healthcare-implementation-coordinator-jobs-SRCH_IL.0,6_IS11047_KO7,44.htm",A_FASTEST_DOOR_RECENT,
T6D178D423F12875A87,jobbot-broad-qualified-yield,2026-09-22.1,healthcare_project_implementation_program_support,narrow_title,glassdoor_narrow_title,glassdoor,HEALTHCARE_IMPLEMENTATION,HEALTHCARE_IMPLEMENTATION,Healthcare implementation / project / program,10,P1-healthcare-implementation-project,3,3,1,31003,healthcare program coordinator,True,7,newest,True,healthcare_data_quality,"https://www.glassdoor.com/Job/remote-healthcare-program-coordinator-jobs-SRCH_IL.0,6_IS11047_KO7,37.htm",A_FASTEST_DOOR_RECENT,
TD7BDA3CF7C002C2357,jobbot-broad-qualified-yield,2026-09-22.1,higher_ed_academic_back_office,intent,linkedin_intent,linkedin,HIGHER_ED_EDTECH,HIGHER_ED_EDTECH,Higher education / EdTech operations hedge,15,P2-higher-ed-edtech,4,4,2,41001,higher education academic records transcript evaluation and registrar operations,True,7,newest,True,higher_ed_records,https://www.linkedin.com/jobs/search/?f_TPR=r604800&f_WT=2&keywords=higher+education+academic+records+transcript+evaluation+and+registrar+operations&location=United+States&sortBy=DD,B_REMAINING_CORE_RECENT,
T88A3E3E6DDC46A5FF5,jobbot-broad-qualified-yield,2026-09-22.1,higher_ed_academic_back_office,intent,linkedin_intent,linkedin,HIGHER_ED_EDTECH,HIGHER_ED_EDTECH,Higher education / EdTech operations hedge,15,P2-higher-ed-edtech,4,4,2,41002,university back-office enrollment records application processing and learning operations,True,7,newest,True,higher_ed_records,https://www.linkedin.com/jobs/search/?f_TPR=r604800&f_WT=2&keywords=university+back-office+enrollment+records+application+processing+and+learning+operations&location=United+States&sortBy=DD,B_REMAINING_CORE_RECENT,
T537743D54A886FA156,jobbot-broad-qualified-yield,2026-09-22.1,higher_ed_academic_back_office,title_family,linkedin_title_family,linkedin,HIGHER_ED_EDTECH,HIGHER_ED_EDTECH,Higher education / EdTech operations hedge,15,P2-higher-ed-edtech,4,4,2,42001,"""academic records"" OR registrar coordinator university",True,7,newest,True,higher_ed_records,https://www.linkedin.com/jobs/search/?f_TPR=r604800&f_WT=2&keywords=%22academic+records%22+OR+registrar+coordinator+university&location=United+States&sortBy=DD,B_REMAINING_CORE_RECENT,
T7E55BD28369A3DAB09,jobbot-broad-qualified-yield,2026-09-22.1,higher_ed_academic_back_office,title_family,linkedin_title_family,linkedin,HIGHER_ED_EDTECH,HIGHER_ED_EDTECH,Higher education / EdTech operations hedge,15,P2-higher-ed-edtech,4,4,2,42002,"""transcript evaluator"" OR ""application processor"" higher education",True,7,newest,True,higher_ed_records,https://www.linkedin.com/jobs/search/?f_TPR=r604800&f_WT=2&keywords=%22transcript+evaluator%22+OR+%22application+processor%22+higher+education&location=United+States&sortBy=DD,B_REMAINING_CORE_RECENT,
T2C18D35023BAFEDF30,jobbot-broad-qualified-yield,2026-09-22.1,bounded_transferable_records_data_process_ops,intent,linkedin_intent,linkedin,FALLBACK_TRANSFERABLE,FALLBACK_TRANSFERABLE,Fallback transferable data / operations,0,P1-transferable-data-ops,5,5,4,51001,records accuracy data validation and documentation operations,True,7,newest,True,healthcare_data_quality,https://www.linkedin.com/jobs/search/?f_TPR=r604800&f_WT=2&keywords=records+accuracy+data+validation+and+documentation+operations&location=United+States&sortBy=DD,B_REMAINING_CORE_RECENT,
TA4D2995F002FE6C2D0,jobbot-broad-qualified-yield,2026-09-22.1,bounded_transferable_records_data_process_ops,intent,linkedin_intent,linkedin,FALLBACK_TRANSFERABLE,FALLBACK_TRANSFERABLE,Fallback transferable data / operations,0,P1-transferable-data-ops,5,5,4,51002,"process operations focused on reconciliation, records integrity and data quality",True,7,newest,True,healthcare_data_quality,https://www.linkedin.com/jobs/search/?f_TPR=r604800&f_WT=2&keywords=process+operations+focused+on+reconciliation%2C+records+integrity+and+data+quality&location=United+States&sortBy=DD,B_REMAINING_CORE_RECENT,
T43E0D11DB833E30DE2,jobbot-broad-qualified-yield,2026-09-22.1,bounded_transferable_records_data_process_ops,title_family,linkedin_title_family,linkedin,FALLBACK_TRANSFERABLE,FALLBACK_TRANSFERABLE,Fallback transferable data / operations,0,P1-transferable-data-ops,5,5,4,52001,"""data integrity specialist"" OR ""data validation specialist""",True,7,newest,True,healthcare_data_quality,https://www.linkedin.com/jobs/search/?f_TPR=r604800&f_WT=2&keywords=%22data+integrity+specialist%22+OR+%22data+validation+specialist%22&location=United+States&sortBy=DD,B_REMAINING_CORE_RECENT,
T71D92C42DD3E83E233,jobbot-broad-qualified-yield,2026-09-22.1,bounded_transferable_records_data_process_ops,title_family,linkedin_title_family,linkedin,FALLBACK_TRANSFERABLE,FALLBACK_TRANSFERABLE,Fallback transferable data / operations,0,P1-transferable-data-ops,5,5,4,52002,"""records operations"" documentation quality coordinator",True,7,newest,True,healthcare_data_quality,https://www.linkedin.com/jobs/search/?f_TPR=r604800&f_WT=2&keywords=%22records+operations%22+documentation+quality+coordinator&location=United+States&sortBy=DD,B_REMAINING_CORE_RECENT,
TDB9D8FB7964F585B38,jobbot-broad-qualified-yield,2026-09-22.1,backoffice_patient_access_eligibility_enrollment,intent,linkedin_intent,linkedin,HEALTHCARE_OPS_ACCESS,HEALTHCARE_OPS_ACCESS,Healthcare operations / access,35,P0-healthcare-operations-access,6,6,0,61001,patient access eligibility and enrollment processing documentation operations,True,7,newest,True,enrollment_operations,https://www.linkedin.com/jobs/search/?f_TPR=r604800&f_WT=2&keywords=patient+access+eligibility+and+enrollment+processing+documentation+operations&location=United+States&sortBy=DD,B_REMAINING_CORE_RECENT,
T22FEC9660FCA287F3E,jobbot-broad-qualified-yield,2026-09-22.1,backoffice_patient_access_eligibility_enrollment,intent,linkedin_intent,linkedin,HEALTHCARE_OPS_ACCESS,HEALTHCARE_OPS_ACCESS,Healthcare operations / access,35,P0-healthcare-operations-access,6,6,0,61002,healthcare benefits verification patient registration and enrollment workflow support,True,7,newest,True,enrollment_operations,https://www.linkedin.com/jobs/search/?f_TPR=r604800&f_WT=2&keywords=healthcare+benefits+verification+patient+registration+and+enrollment+workflow+support&location=United+States&sortBy=DD,B_REMAINING_CORE_RECENT,
T6319C05C70A1DFB6EB,jobbot-broad-qualified-yield,2026-09-22.1,backoffice_patient_access_eligibility_enrollment,title_family,linkedin_title_family,linkedin,HEALTHCARE_OPS_ACCESS,HEALTHCARE_OPS_ACCESS,Healthcare operations / access,35,P0-healthcare-operations-access,6,6,0,62001,"""patient access specialist"" OR ""eligibility specialist"" healthcare",True,7,newest,True,enrollment_operations,https://www.linkedin.com/jobs/search/?f_TPR=r604800&f_WT=2&keywords=%22patient+access+specialist%22+OR+%22eligibility+specialist%22+healthcare&location=United+States&sortBy=DD,B_REMAINING_CORE_RECENT,
T80D8FB7421A3D6EFFE,jobbot-broad-qualified-yield,2026-09-22.1,backoffice_patient_access_eligibility_enrollment,title_family,linkedin_title_family,linkedin,HEALTHCARE_OPS_ACCESS,HEALTHCARE_OPS_ACCESS,Healthcare operations / access,35,P0-healthcare-operations-access,6,6,0,62002,"""patient enrollment coordinator"" registration verification",True,7,newest,True,enrollment_operations,https://www.linkedin.com/jobs/search/?f_TPR=r604800&f_WT=2&keywords=%22patient+enrollment+coordinator%22+registration+verification&location=United+States&sortBy=DD,B_REMAINING_CORE_RECENT,
T066DA14FB20031EACF,jobbot-broad-qualified-yield,2026-09-22.1,bilingual_ai_content_quality,intent,linkedin_intent,linkedin,CONTENT_AI_QUALITY,CONTENT_AI_QUALITY,Content / bilingual / AI quality opportunistic,5,P3-content-ai-quality,7,7,3,71001,bilingual English Spanish content quality review and language evaluation,True,7,newest,True,content_quality,https://www.linkedin.com/jobs/search/?f_TPR=r604800&f_WT=2&keywords=bilingual+English+Spanish+content+quality+review+and+language+evaluation&location=United+States&sortBy=DD,B_REMAINING_CORE_RECENT,
T1D67A0D9E5DEF0AE7B,jobbot-broad-qualified-yield,2026-09-22.1,bilingual_ai_content_quality,intent,linkedin_intent,linkedin,CONTENT_AI_QUALITY,CONTENT_AI_QUALITY,Content / bilingual / AI quality opportunistic,5,P3-content-ai-quality,7,7,3,71002,Spanish language AI evaluator rubric-based content quality review,True,7,newest,True,content_quality,https://www.linkedin.com/jobs/search/?f_TPR=r604800&f_WT=2&keywords=Spanish+language+AI+evaluator+rubric-based+content+quality+review&location=United+States&sortBy=DD,B_REMAINING_CORE_RECENT,
T09A6026EFDE297B9FF,jobbot-broad-qualified-yield,2026-09-22.1,bilingual_ai_content_quality,title_family,linkedin_title_family,linkedin,CONTENT_AI_QUALITY,CONTENT_AI_QUALITY,Content / bilingual / AI quality opportunistic,5,P3-content-ai-quality,7,7,3,72001,"""Spanish content reviewer"" OR ""Spanish language reviewer""",True,7,newest,True,content_quality,https://www.linkedin.com/jobs/search/?f_TPR=r604800&f_WT=2&keywords=%22Spanish+content+reviewer%22+OR+%22Spanish+language+reviewer%22&location=United+States&sortBy=DD,B_REMAINING_CORE_RECENT,
TFCBB7E518E282B7E53,jobbot-broad-qualified-yield,2026-09-22.1,bilingual_ai_content_quality,title_family,linkedin_title_family,linkedin,CONTENT_AI_QUALITY,CONTENT_AI_QUALITY,Content / bilingual / AI quality opportunistic,5,P3-content-ai-quality,7,7,3,72002,"""AI evaluator"" bilingual content quality analyst",True,7,newest,True,content_quality,https://www.linkedin.com/jobs/search/?f_TPR=r604800&f_WT=2&keywords=%22AI+evaluator%22+bilingual+content+quality+analyst&location=United+States&sortBy=DD,B_REMAINING_CORE_RECENT,
TDC1F00847A17F488F8,jobbot-broad-qualified-yield,2026-09-22.1,higher_ed_academic_back_office,exact_phrase,indeed_exact_phrase,indeed,HIGHER_ED_EDTECH,HIGHER_ED_EDTECH,Higher education / EdTech operations hedge,15,P2-higher-ed-edtech,4,4,2,41001,"""academic records specialist""",True,7,newest,True,higher_ed_records,https://www.indeed.com/jobs?q=%22academic+records+specialist%22&l=Remote&fromage=7&sort=date,B_REMAINING_CORE_RECENT,
T3D7589E502DCE3494D,jobbot-broad-qualified-yield,2026-09-22.1,higher_ed_academic_back_office,exact_phrase,indeed_exact_phrase,indeed,HIGHER_ED_EDTECH,HIGHER_ED_EDTECH,Higher education / EdTech operations hedge,15,P2-higher-ed-edtech,4,4,2,41002,"""registrar coordinator""",True,7,newest,True,higher_ed_records,https://www.indeed.com/jobs?q=%22registrar+coordinator%22&l=Remote&fromage=7&sort=date,B_REMAINING_CORE_RECENT,
TBDFAFE0CC36D3691D1,jobbot-broad-qualified-yield,2026-09-22.1,higher_ed_academic_back_office,compact_boolean,indeed_compact_boolean,indeed,HIGHER_ED_EDTECH,HIGHER_ED_EDTECH,Higher education / EdTech operations hedge,15,P2-higher-ed-edtech,4,4,2,42001,"""academic records"" OR registrar university",True,7,newest,True,higher_ed_records,https://www.indeed.com/jobs?q=%22academic+records%22+OR+registrar+university&l=Remote&fromage=7&sort=date,B_REMAINING_CORE_RECENT,
T59D39C91E491AE84FA,jobbot-broad-qualified-yield,2026-09-22.1,bounded_transferable_records_data_process_ops,exact_phrase,indeed_exact_phrase,indeed,FALLBACK_TRANSFERABLE,FALLBACK_TRANSFERABLE,Fallback transferable data / operations,0,P1-transferable-data-ops,5,5,4,51001,"""data integrity specialist""",True,7,newest,True,healthcare_data_quality,https://www.indeed.com/jobs?q=%22data+integrity+specialist%22&l=Remote&fromage=7&sort=date,B_REMAINING_CORE_RECENT,
T71EE58BD742319A4BE,jobbot-broad-qualified-yield,2026-09-22.1,bounded_transferable_records_data_process_ops,exact_phrase,indeed_exact_phrase,indeed,FALLBACK_TRANSFERABLE,FALLBACK_TRANSFERABLE,Fallback transferable data / operations,0,P1-transferable-data-ops,5,5,4,51002,"""data validation specialist""",True,7,newest,True,healthcare_data_quality,https://www.indeed.com/jobs?q=%22data+validation+specialist%22&l=Remote&fromage=7&sort=date,B_REMAINING_CORE_RECENT,
T542BBACA3EB171D7D8,jobbot-broad-qualified-yield,2026-09-22.1,bounded_transferable_records_data_process_ops,compact_boolean,indeed_compact_boolean,indeed,FALLBACK_TRANSFERABLE,FALLBACK_TRANSFERABLE,Fallback transferable data / operations,0,P1-transferable-data-ops,5,5,4,52001,"""data integrity"" OR ""data validation"" records",True,7,newest,True,healthcare_data_quality,https://www.indeed.com/jobs?q=%22data+integrity%22+OR+%22data+validation%22+records&l=Remote&fromage=7&sort=date,B_REMAINING_CORE_RECENT,
TE91A617BC18E176C98,jobbot-broad-qualified-yield,2026-09-22.1,backoffice_patient_access_eligibility_enrollment,exact_phrase,indeed_exact_phrase,indeed,HEALTHCARE_OPS_ACCESS,HEALTHCARE_OPS_ACCESS,Healthcare operations / access,35,P0-healthcare-operations-access,6,6,0,61001,"""patient access specialist""",True,7,newest,True,enrollment_operations,https://www.indeed.com/jobs?q=%22patient+access+specialist%22&l=Remote&fromage=7&sort=date,B_REMAINING_CORE_RECENT,
T5511EDFC24778A957D,jobbot-broad-qualified-yield,2026-09-22.1,backoffice_patient_access_eligibility_enrollment,exact_phrase,indeed_exact_phrase,indeed,HEALTHCARE_OPS_ACCESS,HEALTHCARE_OPS_ACCESS,Healthcare operations / access,35,P0-healthcare-operations-access,6,6,0,61002,"""eligibility specialist healthcare""",True,7,newest,True,enrollment_operations,https://www.indeed.com/jobs?q=%22eligibility+specialist+healthcare%22&l=Remote&fromage=7&sort=date,B_REMAINING_CORE_RECENT,
T00C795C9D78BB33C62,jobbot-broad-qualified-yield,2026-09-22.1,backoffice_patient_access_eligibility_enrollment,compact_boolean,indeed_compact_boolean,indeed,HEALTHCARE_OPS_ACCESS,HEALTHCARE_OPS_ACCESS,Healthcare operations / access,35,P0-healthcare-operations-access,6,6,0,62001,"""patient enrollment"" OR ""eligibility specialist""",True,7,newest,True,enrollment_operations,https://www.indeed.com/jobs?q=%22patient+enrollment%22+OR+%22eligibility+specialist%22&l=Remote&fromage=7&sort=date,B_REMAINING_CORE_RECENT,
TDFFDB8412D6A8C678D,jobbot-broad-qualified-yield,2026-09-22.1,bilingual_ai_content_quality,exact_phrase,indeed_exact_phrase,indeed,CONTENT_AI_QUALITY,CONTENT_AI_QUALITY,Content / bilingual / AI quality opportunistic,5,P3-content-ai-quality,7,7,3,71001,"""Spanish content reviewer""",True,7,newest,True,content_quality,https://www.indeed.com/jobs?q=%22Spanish+content+reviewer%22&l=Remote&fromage=7&sort=date,B_REMAINING_CORE_RECENT,
TFED134828C463F7DE2,jobbot-broad-qualified-yield,2026-09-22.1,bilingual_ai_content_quality,exact_phrase,indeed_exact_phrase,indeed,CONTENT_AI_QUALITY,CONTENT_AI_QUALITY,Content / bilingual / AI quality opportunistic,5,P3-content-ai-quality,7,7,3,71002,"""bilingual language reviewer""",True,7,newest,True,content_quality,https://www.indeed.com/jobs?q=%22bilingual+language+reviewer%22&l=Remote&fromage=7&sort=date,B_REMAINING_CORE_RECENT,
TCEF468A8F33DF1DDC4,jobbot-broad-qualified-yield,2026-09-22.1,bilingual_ai_content_quality,compact_boolean,indeed_compact_boolean,indeed,CONTENT_AI_QUALITY,CONTENT_AI_QUALITY,Content / bilingual / AI quality opportunistic,5,P3-content-ai-quality,7,7,3,72001,"""Spanish content reviewer"" OR ""AI evaluator""",True,7,newest,True,content_quality,https://www.indeed.com/jobs?q=%22Spanish+content+reviewer%22+OR+%22AI+evaluator%22&l=Remote&fromage=7&sort=date,B_REMAINING_CORE_RECENT,
T8FBEC8342971EF010C,jobbot-broad-qualified-yield,2026-09-22.1,higher_ed_academic_back_office,narrow_title,glassdoor_narrow_title,glassdoor,HIGHER_ED_EDTECH,HIGHER_ED_EDTECH,Higher education / EdTech operations hedge,15,P2-higher-ed-edtech,4,4,2,41001,academic records coordinator,True,7,newest,True,higher_ed_records,"https://www.glassdoor.com/Job/remote-academic-records-coordinator-jobs-SRCH_IL.0,6_IS11047_KO7,35.htm",B_REMAINING_CORE_RECENT,
TE8BE66DEB60E4E1305,jobbot-broad-qualified-yield,2026-09-22.1,higher_ed_academic_back_office,narrow_title,glassdoor_narrow_title,glassdoor,HIGHER_ED_EDTECH,HIGHER_ED_EDTECH,Higher education / EdTech operations hedge,15,P2-higher-ed-edtech,4,4,2,41002,registrar specialist,True,7,newest,True,higher_ed_records,"https://www.glassdoor.com/Job/remote-registrar-specialist-jobs-SRCH_IL.0,6_IS11047_KO7,27.htm",B_REMAINING_CORE_RECENT,
T1EB90F8175AC698CAA,jobbot-broad-qualified-yield,2026-09-22.1,higher_ed_academic_back_office,narrow_title,glassdoor_narrow_title,glassdoor,HIGHER_ED_EDTECH,HIGHER_ED_EDTECH,Higher education / EdTech operations hedge,15,P2-higher-ed-edtech,4,4,2,41003,EdTech learning operations coordinator,True,7,newest,True,higher_ed_records,"https://www.glassdoor.com/Job/remote-edtech-learning-operations-coordinator-jobs-SRCH_IL.0,6_IS11047_KO7,45.htm",B_REMAINING_CORE_RECENT,
T4304CD2369B3F0D3B2,jobbot-broad-qualified-yield,2026-09-22.1,bounded_transferable_records_data_process_ops,narrow_title,glassdoor_narrow_title,glassdoor,FALLBACK_TRANSFERABLE,FALLBACK_TRANSFERABLE,Fallback transferable data / operations,0,P1-transferable-data-ops,5,5,4,51001,data integrity specialist,True,7,newest,True,healthcare_data_quality,"https://www.glassdoor.com/Job/remote-data-integrity-specialist-jobs-SRCH_IL.0,6_IS11047_KO7,32.htm",B_REMAINING_CORE_RECENT,
TD306C55A5DE1F5E7F5,jobbot-broad-qualified-yield,2026-09-22.1,bounded_transferable_records_data_process_ops,narrow_title,glassdoor_narrow_title,glassdoor,FALLBACK_TRANSFERABLE,FALLBACK_TRANSFERABLE,Fallback transferable data / operations,0,P1-transferable-data-ops,5,5,4,51002,data validation coordinator,True,7,newest,True,healthcare_data_quality,"https://www.glassdoor.com/Job/remote-data-validation-coordinator-jobs-SRCH_IL.0,6_IS11047_KO7,34.htm",B_REMAINING_CORE_RECENT,
TD6D3791537D9645FA5,jobbot-broad-qualified-yield,2026-09-22.1,bounded_transferable_records_data_process_ops,narrow_title,glassdoor_narrow_title,glassdoor,FALLBACK_TRANSFERABLE,FALLBACK_TRANSFERABLE,Fallback transferable data / operations,0,P1-transferable-data-ops,5,5,4,51003,records quality specialist,True,7,newest,True,healthcare_data_quality,"https://www.glassdoor.com/Job/remote-records-quality-specialist-jobs-SRCH_IL.0,6_IS11047_KO7,33.htm",B_REMAINING_CORE_RECENT,
T8D7481AF140FCC59CA,jobbot-broad-qualified-yield,2026-09-22.1,backoffice_patient_access_eligibility_enrollment,narrow_title,glassdoor_narrow_title,glassdoor,HEALTHCARE_OPS_ACCESS,HEALTHCARE_OPS_ACCESS,Healthcare operations / access,35,P0-healthcare-operations-access,6,6,0,61001,patient access specialist,True,7,newest,True,enrollment_operations,"https://www.glassdoor.com/Job/remote-patient-access-specialist-jobs-SRCH_IL.0,6_IS11047_KO7,32.htm",B_REMAINING_CORE_RECENT,
T41EF5FA7789A011249,jobbot-broad-qualified-yield,2026-09-22.1,backoffice_patient_access_eligibility_enrollment,narrow_title,glassdoor_narrow_title,glassdoor,HEALTHCARE_OPS_ACCESS,HEALTHCARE_OPS_ACCESS,Healthcare operations / access,35,P0-healthcare-operations-access,6,6,0,61002,eligibility coordinator healthcare,True,7,newest,True,enrollment_operations,"https://www.glassdoor.com/Job/remote-eligibility-coordinator-healthcare-jobs-SRCH_IL.0,6_IS11047_KO7,41.htm",B_REMAINING_CORE_RECENT,
T073185264AFF63FE37,jobbot-broad-qualified-yield,2026-09-22.1,backoffice_patient_access_eligibility_enrollment,narrow_title,glassdoor_narrow_title,glassdoor,HEALTHCARE_OPS_ACCESS,HEALTHCARE_OPS_ACCESS,Healthcare operations / access,35,P0-healthcare-operations-access,6,6,0,61003,patient enrollment coordinator,True,7,newest,True,enrollment_operations,"https://www.glassdoor.com/Job/remote-patient-enrollment-coordinator-jobs-SRCH_IL.0,6_IS11047_KO7,37.htm",B_REMAINING_CORE_RECENT,
TF2D5B9CAEE64A4DD43,jobbot-broad-qualified-yield,2026-09-22.1,bilingual_ai_content_quality,narrow_title,glassdoor_narrow_title,glassdoor,CONTENT_AI_QUALITY,CONTENT_AI_QUALITY,Content / bilingual / AI quality opportunistic,5,P3-content-ai-quality,7,7,3,71001,Spanish content reviewer,True,7,newest,True,content_quality,"https://www.glassdoor.com/Job/remote-spanish-content-reviewer-jobs-SRCH_IL.0,6_IS11047_KO7,31.htm",B_REMAINING_CORE_RECENT,
T84DF2B78415DE789C9,jobbot-broad-qualified-yield,2026-09-22.1,bilingual_ai_content_quality,narrow_title,glassdoor_narrow_title,glassdoor,CONTENT_AI_QUALITY,CONTENT_AI_QUALITY,Content / bilingual / AI quality opportunistic,5,P3-content-ai-quality,7,7,3,71002,bilingual language quality analyst,True,7,newest,True,content_quality,"https://www.glassdoor.com/Job/remote-bilingual-language-quality-analyst-jobs-SRCH_IL.0,6_IS11047_KO7,41.htm",B_REMAINING_CORE_RECENT,
TB2EACF47A7B35337A9,jobbot-broad-qualified-yield,2026-09-22.1,bilingual_ai_content_quality,narrow_title,glassdoor_narrow_title,glassdoor,CONTENT_AI_QUALITY,CONTENT_AI_QUALITY,Content / bilingual / AI quality opportunistic,5,P3-content-ai-quality,7,7,3,71003,AI content evaluator Spanish,True,7,newest,True,content_quality,"https://www.glassdoor.com/Job/remote-ai-content-evaluator-spanish-jobs-SRCH_IL.0,6_IS11047_KO7,35.htm",B_REMAINING_CORE_RECENT,
T013D41840A9F3D169D,jobbot-broad-qualified-yield,2026-09-22.1,provider_lifecycle_credentialing_data,intent,linkedin_intent,linkedin,HEALTHCARE_OPS_ACCESS,HEALTHCARE_OPS_ACCESS,Healthcare operations / access,35,P0-healthcare-operations-access,1,1,0,11001,"provider lifecycle, credentialing, enrollment and provider data maintenance roles at health plans",True,30,newest,True,enrollment_operations,https://www.linkedin.com/jobs/search/?f_TPR=r2592000&f_WT=2&keywords=provider+lifecycle%2C+credentialing%2C+enrollment+and+provider+data+maintenance+roles+at+health+plans&location=United+States&sortBy=DD,C_DEEP_BACKFILL,
T7AF9EACD715A4AAF9E,jobbot-broad-qualified-yield,2026-09-22.1,provider_lifecycle_credentialing_data,intent,linkedin_intent,linkedin,HEALTHCARE_OPS_ACCESS,HEALTHCARE_OPS_ACCESS,Healthcare operations / access,35,P0-healthcare-operations-access,1,1,0,11002,healthcare credentialing operations including provider onboarding and roster maintenance,True,30,newest,True,enrollment_operations,https://www.linkedin.com/jobs/search/?f_TPR=r2592000&f_WT=2&keywords=healthcare+credentialing+operations+including+provider+onboarding+and+roster+maintenance&location=United+States&sortBy=DD,C_DEEP_BACKFILL,
TC896B3C581DF69170C,jobbot-broad-qualified-yield,2026-09-22.1,provider_lifecycle_credentialing_data,title_family,linkedin_title_family,linkedin,HEALTHCARE_OPS_ACCESS,HEALTHCARE_OPS_ACCESS,Healthcare operations / access,35,P0-healthcare-operations-access,1,1,0,12001,"""provider enrollment"" OR ""provider credentialing"" specialist coordinator",True,30,newest,True,enrollment_operations,https://www.linkedin.com/jobs/search/?f_TPR=r2592000&f_WT=2&keywords=%22provider+enrollment%22+OR+%22provider+credentialing%22+specialist+coordinator&location=United+States&sortBy=DD,C_DEEP_BACKFILL,
TA7B1EFD1526FF0FF63,jobbot-broad-qualified-yield,2026-09-22.1,provider_lifecycle_credentialing_data,title_family,linkedin_title_family,linkedin,HEALTHCARE_OPS_ACCESS,HEALTHCARE_OPS_ACCESS,Healthcare operations / access,35,P0-healthcare-operations-access,1,1,0,12002,"""provider data"" credentialing roster specialist",True,30,newest,True,enrollment_operations,https://www.linkedin.com/jobs/search/?f_TPR=r2592000&f_WT=2&keywords=%22provider+data%22+credentialing+roster+specialist&location=United+States&sortBy=DD,C_DEEP_BACKFILL,
TFF406822BE1F509EB5,jobbot-broad-qualified-yield,2026-09-22.1,healthcare_quality_data_documentation_compliance,intent,linkedin_intent,linkedin,HEALTHCARE_QUALITY_DATA,HEALTHCARE_QUALITY_DATA,Healthcare quality / data / analytics,20,P1-healthcare-quality-data,2,2,1,21001,nonclinical healthcare quality documentation audit and compliance operations,True,30,newest,True,healthcare_data_quality,https://www.linkedin.com/jobs/search/?f_TPR=r2592000&f_WT=2&keywords=nonclinical+healthcare+quality+documentation+audit+and+compliance+operations&location=United+States&sortBy=DD,C_DEEP_BACKFILL,
T052A20962C1C15BF8B,jobbot-broad-qualified-yield,2026-09-22.1,healthcare_quality_data_documentation_compliance,intent,linkedin_intent,linkedin,HEALTHCARE_QUALITY_DATA,HEALTHCARE_QUALITY_DATA,Healthcare quality / data / analytics,20,P1-healthcare-quality-data,2,2,1,21002,health information records accuracy data quality and documentation review,True,30,newest,True,healthcare_data_quality,https://www.linkedin.com/jobs/search/?f_TPR=r2592000&f_WT=2&keywords=health+information+records+accuracy+data+quality+and+documentation+review&location=United+States&sortBy=DD,C_DEEP_BACKFILL,
TBCEF1F9EFD4B6337A8,jobbot-broad-qualified-yield,2026-09-22.1,healthcare_quality_data_documentation_compliance,title_family,linkedin_title_family,linkedin,HEALTHCARE_QUALITY_DATA,HEALTHCARE_QUALITY_DATA,Healthcare quality / data / analytics,20,P1-healthcare-quality-data,2,2,1,22001,"""healthcare quality"" OR ""documentation quality"" specialist coordinator",True,30,newest,True,healthcare_data_quality,https://www.linkedin.com/jobs/search/?f_TPR=r2592000&f_WT=2&keywords=%22healthcare+quality%22+OR+%22documentation+quality%22+specialist+coordinator&location=United+States&sortBy=DD,C_DEEP_BACKFILL,
T0CBD26988C71DD9976,jobbot-broad-qualified-yield,2026-09-22.1,healthcare_quality_data_documentation_compliance,title_family,linkedin_title_family,linkedin,HEALTHCARE_QUALITY_DATA,HEALTHCARE_QUALITY_DATA,Healthcare quality / data / analytics,20,P1-healthcare-quality-data,2,2,1,22002,"""health information"" records compliance quality specialist",True,30,newest,True,healthcare_data_quality,https://www.linkedin.com/jobs/search/?f_TPR=r2592000&f_WT=2&keywords=%22health+information%22+records+compliance+quality+specialist&location=United+States&sortBy=DD,C_DEEP_BACKFILL,
T1810A49007E10A4AD1,jobbot-broad-qualified-yield,2026-09-22.1,healthcare_project_implementation_program_support,intent,linkedin_intent,linkedin,HEALTHCARE_IMPLEMENTATION,HEALTHCARE_IMPLEMENTATION,Healthcare implementation / project / program,10,P1-healthcare-implementation-project,3,3,1,31001,healthcare implementation and project coordination workflow support,True,30,newest,True,healthcare_data_quality,https://www.linkedin.com/jobs/search/?f_TPR=r2592000&f_WT=2&keywords=healthcare+implementation+and+project+coordination+workflow+support&location=United+States&sortBy=DD,C_DEEP_BACKFILL,
TA554AA9347330A3ED1,jobbot-broad-qualified-yield,2026-09-22.1,healthcare_project_implementation_program_support,intent,linkedin_intent,linkedin,HEALTHCARE_IMPLEMENTATION,HEALTHCARE_IMPLEMENTATION,Healthcare implementation / project / program,10,P1-healthcare-implementation-project,3,3,1,31002,healthcare program operations project tracking and implementation support,True,30,newest,True,healthcare_data_quality,https://www.linkedin.com/jobs/search/?f_TPR=r2592000&f_WT=2&keywords=healthcare+program+operations+project+tracking+and+implementation+support&location=United+States&sortBy=DD,C_DEEP_BACKFILL,
T7770CCA1FD6F9A6E39,jobbot-broad-qualified-yield,2026-09-22.1,healthcare_project_implementation_program_support,title_family,linkedin_title_family,linkedin,HEALTHCARE_IMPLEMENTATION,HEALTHCARE_IMPLEMENTATION,Healthcare implementation / project / program,10,P1-healthcare-implementation-project,3,3,1,32001,"""healthcare project coordinator"" OR ""implementation coordinator""",True,30,newest,True,healthcare_data_quality,https://www.linkedin.com/jobs/search/?f_TPR=r2592000&f_WT=2&keywords=%22healthcare+project+coordinator%22+OR+%22implementation+coordinator%22&location=United+States&sortBy=DD,C_DEEP_BACKFILL,
T71E78EAF40B7EFCA56,jobbot-broad-qualified-yield,2026-09-22.1,healthcare_project_implementation_program_support,title_family,linkedin_title_family,linkedin,HEALTHCARE_IMPLEMENTATION,HEALTHCARE_IMPLEMENTATION,Healthcare implementation / project / program,10,P1-healthcare-implementation-project,3,3,1,32002,healthcare program implementation operations specialist,True,30,newest,True,healthcare_data_quality,https://www.linkedin.com/jobs/search/?f_TPR=r2592000&f_WT=2&keywords=healthcare+program+implementation+operations+specialist&location=United+States&sortBy=DD,C_DEEP_BACKFILL,
TDFA6E29CA8D9CB84AF,jobbot-broad-qualified-yield,2026-09-22.1,higher_ed_academic_back_office,intent,linkedin_intent,linkedin,HIGHER_ED_EDTECH,HIGHER_ED_EDTECH,Higher education / EdTech operations hedge,15,P2-higher-ed-edtech,4,4,2,41001,higher education academic records transcript evaluation and registrar operations,True,45,newest,True,higher_ed_records,https://www.linkedin.com/jobs/search/?f_TPR=r3888000&f_WT=2&keywords=higher+education+academic+records+transcript+evaluation+and+registrar+operations&location=United+States&sortBy=DD,C_DEEP_BACKFILL,
T04E07AB19293A5ED6C,jobbot-broad-qualified-yield,2026-09-22.1,higher_ed_academic_back_office,intent,linkedin_intent,linkedin,HIGHER_ED_EDTECH,HIGHER_ED_EDTECH,Higher education / EdTech operations hedge,15,P2-higher-ed-edtech,4,4,2,41002,university back-office enrollment records application processing and learning operations,True,45,newest,True,higher_ed_records,https://www.linkedin.com/jobs/search/?f_TPR=r3888000&f_WT=2&keywords=university+back-office+enrollment+records+application+processing+and+learning+operations&location=United+States&sortBy=DD,C_DEEP_BACKFILL,
T6DAAC7764CF113AE1A,jobbot-broad-qualified-yield,2026-09-22.1,higher_ed_academic_back_office,title_family,linkedin_title_family,linkedin,HIGHER_ED_EDTECH,HIGHER_ED_EDTECH,Higher education / EdTech operations hedge,15,P2-higher-ed-edtech,4,4,2,42001,"""academic records"" OR registrar coordinator university",True,45,newest,True,higher_ed_records,https://www.linkedin.com/jobs/search/?f_TPR=r3888000&f_WT=2&keywords=%22academic+records%22+OR+registrar+coordinator+university&location=United+States&sortBy=DD,C_DEEP_BACKFILL,
T39D72422F4B28EDC8B,jobbot-broad-qualified-yield,2026-09-22.1,higher_ed_academic_back_office,title_family,linkedin_title_family,linkedin,HIGHER_ED_EDTECH,HIGHER_ED_EDTECH,Higher education / EdTech operations hedge,15,P2-higher-ed-edtech,4,4,2,42002,"""transcript evaluator"" OR ""application processor"" higher education",True,45,newest,True,higher_ed_records,https://www.linkedin.com/jobs/search/?f_TPR=r3888000&f_WT=2&keywords=%22transcript+evaluator%22+OR+%22application+processor%22+higher+education&location=United+States&sortBy=DD,C_DEEP_BACKFILL,
T5EDF95F61B0CEA2BC4,jobbot-broad-qualified-yield,2026-09-22.1,bounded_transferable_records_data_process_ops,intent,linkedin_intent,linkedin,FALLBACK_TRANSFERABLE,FALLBACK_TRANSFERABLE,Fallback transferable data / operations,0,P1-transferable-data-ops,5,5,4,51001,records accuracy data validation and documentation operations,True,30,newest,True,healthcare_data_quality,https://www.linkedin.com/jobs/search/?f_TPR=r2592000&f_WT=2&keywords=records+accuracy+data+validation+and+documentation+operations&location=United+States&sortBy=DD,C_DEEP_BACKFILL,
TB2D244B0214DEC1BBB,jobbot-broad-qualified-yield,2026-09-22.1,bounded_transferable_records_data_process_ops,intent,linkedin_intent,linkedin,FALLBACK_TRANSFERABLE,FALLBACK_TRANSFERABLE,Fallback transferable data / operations,0,P1-transferable-data-ops,5,5,4,51002,"process operations focused on reconciliation, records integrity and data quality",True,30,newest,True,healthcare_data_quality,https://www.linkedin.com/jobs/search/?f_TPR=r2592000&f_WT=2&keywords=process+operations+focused+on+reconciliation%2C+records+integrity+and+data+quality&location=United+States&sortBy=DD,C_DEEP_BACKFILL,
T41B5F9DC8204AC0D3A,jobbot-broad-qualified-yield,2026-09-22.1,bounded_transferable_records_data_process_ops,title_family,linkedin_title_family,linkedin,FALLBACK_TRANSFERABLE,FALLBACK_TRANSFERABLE,Fallback transferable data / operations,0,P1-transferable-data-ops,5,5,4,52001,"""data integrity specialist"" OR ""data validation specialist""",True,30,newest,True,healthcare_data_quality,https://www.linkedin.com/jobs/search/?f_TPR=r2592000&f_WT=2&keywords=%22data+integrity+specialist%22+OR+%22data+validation+specialist%22&location=United+States&sortBy=DD,C_DEEP_BACKFILL,
T664D2D1CE28E040A06,jobbot-broad-qualified-yield,2026-09-22.1,bounded_transferable_records_data_process_ops,title_family,linkedin_title_family,linkedin,FALLBACK_TRANSFERABLE,FALLBACK_TRANSFERABLE,Fallback transferable data / operations,0,P1-transferable-data-ops,5,5,4,52002,"""records operations"" documentation quality coordinator",True,30,newest,True,healthcare_data_quality,https://www.linkedin.com/jobs/search/?f_TPR=r2592000&f_WT=2&keywords=%22records+operations%22+documentation+quality+coordinator&location=United+States&sortBy=DD,C_DEEP_BACKFILL,
T17431C5904F4F66036,jobbot-broad-qualified-yield,2026-09-22.1,backoffice_patient_access_eligibility_enrollment,intent,linkedin_intent,linkedin,HEALTHCARE_OPS_ACCESS,HEALTHCARE_OPS_ACCESS,Healthcare operations / access,35,P0-healthcare-operations-access,6,6,0,61001,patient access eligibility and enrollment processing documentation operations,True,30,newest,True,enrollment_operations,https://www.linkedin.com/jobs/search/?f_TPR=r2592000&f_WT=2&keywords=patient+access+eligibility+and+enrollment+processing+documentation+operations&location=United+States&sortBy=DD,C_DEEP_BACKFILL,
T453D6583845B7DABD2,jobbot-broad-qualified-yield,2026-09-22.1,backoffice_patient_access_eligibility_enrollment,intent,linkedin_intent,linkedin,HEALTHCARE_OPS_ACCESS,HEALTHCARE_OPS_ACCESS,Healthcare operations / access,35,P0-healthcare-operations-access,6,6,0,61002,healthcare benefits verification patient registration and enrollment workflow support,True,30,newest,True,enrollment_operations,https://www.linkedin.com/jobs/search/?f_TPR=r2592000&f_WT=2&keywords=healthcare+benefits+verification+patient+registration+and+enrollment+workflow+support&location=United+States&sortBy=DD,C_DEEP_BACKFILL,
T52A44018A4EB0264BA,jobbot-broad-qualified-yield,2026-09-22.1,backoffice_patient_access_eligibility_enrollment,title_family,linkedin_title_family,linkedin,HEALTHCARE_OPS_ACCESS,HEALTHCARE_OPS_ACCESS,Healthcare operations / access,35,P0-healthcare-operations-access,6,6,0,62001,"""patient access specialist"" OR ""eligibility specialist"" healthcare",True,30,newest,True,enrollment_operations,https://www.linkedin.com/jobs/search/?f_TPR=r2592000&f_WT=2&keywords=%22patient+access+specialist%22+OR+%22eligibility+specialist%22+healthcare&location=United+States&sortBy=DD,C_DEEP_BACKFILL,
T96C5BB291D1A9A7FA5,jobbot-broad-qualified-yield,2026-09-22.1,backoffice_patient_access_eligibility_enrollment,title_family,linkedin_title_family,linkedin,HEALTHCARE_OPS_ACCESS,HEALTHCARE_OPS_ACCESS,Healthcare operations / access,35,P0-healthcare-operations-access,6,6,0,62002,"""patient enrollment coordinator"" registration verification",True,30,newest,True,enrollment_operations,https://www.linkedin.com/jobs/search/?f_TPR=r2592000&f_WT=2&keywords=%22patient+enrollment+coordinator%22+registration+verification&location=United+States&sortBy=DD,C_DEEP_BACKFILL,
T8FA547084A0902C944,jobbot-broad-qualified-yield,2026-09-22.1,bilingual_ai_content_quality,intent,linkedin_intent,linkedin,CONTENT_AI_QUALITY,CONTENT_AI_QUALITY,Content / bilingual / AI quality opportunistic,5,P3-content-ai-quality,7,7,3,71001,bilingual English Spanish content quality review and language evaluation,True,21,newest,True,content_quality,https://www.linkedin.com/jobs/search/?f_TPR=r1814400&f_WT=2&keywords=bilingual+English+Spanish+content+quality+review+and+language+evaluation&location=United+States&sortBy=DD,C_DEEP_BACKFILL,
T4C71BD909DFF79A0F5,jobbot-broad-qualified-yield,2026-09-22.1,bilingual_ai_content_quality,intent,linkedin_intent,linkedin,CONTENT_AI_QUALITY,CONTENT_AI_QUALITY,Content / bilingual / AI quality opportunistic,5,P3-content-ai-quality,7,7,3,71002,Spanish language AI evaluator rubric-based content quality review,True,21,newest,True,content_quality,https://www.linkedin.com/jobs/search/?f_TPR=r1814400&f_WT=2&keywords=Spanish+language+AI+evaluator+rubric-based+content+quality+review&location=United+States&sortBy=DD,C_DEEP_BACKFILL,
T5A887232A172D79C8C,jobbot-broad-qualified-yield,2026-09-22.1,bilingual_ai_content_quality,title_family,linkedin_title_family,linkedin,CONTENT_AI_QUALITY,CONTENT_AI_QUALITY,Content / bilingual / AI quality opportunistic,5,P3-content-ai-quality,7,7,3,72001,"""Spanish content reviewer"" OR ""Spanish language reviewer""",True,21,newest,True,content_quality,https://www.linkedin.com/jobs/search/?f_TPR=r1814400&f_WT=2&keywords=%22Spanish+content+reviewer%22+OR+%22Spanish+language+reviewer%22&location=United+States&sortBy=DD,C_DEEP_BACKFILL,
T5C18B3AAC4F6480E33,jobbot-broad-qualified-yield,2026-09-22.1,bilingual_ai_content_quality,title_family,linkedin_title_family,linkedin,CONTENT_AI_QUALITY,CONTENT_AI_QUALITY,Content / bilingual / AI quality opportunistic,5,P3-content-ai-quality,7,7,3,72002,"""AI evaluator"" bilingual content quality analyst",True,21,newest,True,content_quality,https://www.linkedin.com/jobs/search/?f_TPR=r1814400&f_WT=2&keywords=%22AI+evaluator%22+bilingual+content+quality+analyst&location=United+States&sortBy=DD,C_DEEP_BACKFILL,
T61CA1FC9F169F2674A,jobbot-broad-qualified-yield,2026-09-22.1,provider_lifecycle_credentialing_data,exact_phrase,indeed_exact_phrase,indeed,HEALTHCARE_OPS_ACCESS,HEALTHCARE_OPS_ACCESS,Healthcare operations / access,35,P0-healthcare-operations-access,1,1,0,11001,"""provider enrollment specialist""",True,30,newest,True,enrollment_operations,https://www.indeed.com/jobs?q=%22provider+enrollment+specialist%22&l=Remote&fromage=30&sort=date,C_DEEP_BACKFILL,
T7783230213AC02A80A,jobbot-broad-qualified-yield,2026-09-22.1,provider_lifecycle_credentialing_data,exact_phrase,indeed_exact_phrase,indeed,HEALTHCARE_OPS_ACCESS,HEALTHCARE_OPS_ACCESS,Healthcare operations / access,35,P0-healthcare-operations-access,1,1,0,11002,"""credentialing coordinator""",True,30,newest,True,enrollment_operations,https://www.indeed.com/jobs?q=%22credentialing+coordinator%22&l=Remote&fromage=30&sort=date,C_DEEP_BACKFILL,
TF4B9430EFA720E96C7,jobbot-broad-qualified-yield,2026-09-22.1,provider_lifecycle_credentialing_data,compact_boolean,indeed_compact_boolean,indeed,HEALTHCARE_OPS_ACCESS,HEALTHCARE_OPS_ACCESS,Healthcare operations / access,35,P0-healthcare-operations-access,1,1,0,12001,"""provider roster"" OR ""provider data""",True,30,newest,True,enrollment_operations,https://www.indeed.com/jobs?q=%22provider+roster%22+OR+%22provider+data%22&l=Remote&fromage=30&sort=date,C_DEEP_BACKFILL,
TD0980B0F079743A23F,jobbot-broad-qualified-yield,2026-09-22.1,healthcare_quality_data_documentation_compliance,exact_phrase,indeed_exact_phrase,indeed,HEALTHCARE_QUALITY_DATA,HEALTHCARE_QUALITY_DATA,Healthcare quality / data / analytics,20,P1-healthcare-quality-data,2,2,1,21001,"""healthcare quality specialist""",True,30,newest,True,healthcare_data_quality,https://www.indeed.com/jobs?q=%22healthcare+quality+specialist%22&l=Remote&fromage=30&sort=date,C_DEEP_BACKFILL,
T268E34E15343757249,jobbot-broad-qualified-yield,2026-09-22.1,healthcare_quality_data_documentation_compliance,exact_phrase,indeed_exact_phrase,indeed,HEALTHCARE_QUALITY_DATA,HEALTHCARE_QUALITY_DATA,Healthcare quality / data / analytics,20,P1-healthcare-quality-data,2,2,1,21002,"""medical records specialist""",True,30,newest,True,healthcare_data_quality,https://www.indeed.com/jobs?q=%22medical+records+specialist%22&l=Remote&fromage=30&sort=date,C_DEEP_BACKFILL,
T00EDA511A0A21D94D0,jobbot-broad-qualified-yield,2026-09-22.1,healthcare_quality_data_documentation_compliance,compact_boolean,indeed_compact_boolean,indeed,HEALTHCARE_QUALITY_DATA,HEALTHCARE_QUALITY_DATA,Healthcare quality / data / analytics,20,P1-healthcare-quality-data,2,2,1,22001,"""health information"" OR ""documentation audit""",True,30,newest,True,healthcare_data_quality,https://www.indeed.com/jobs?q=%22health+information%22+OR+%22documentation+audit%22&l=Remote&fromage=30&sort=date,C_DEEP_BACKFILL,
TE16392B37676BC4102,jobbot-broad-qualified-yield,2026-09-22.1,healthcare_project_implementation_program_support,exact_phrase,indeed_exact_phrase,indeed,HEALTHCARE_IMPLEMENTATION,HEALTHCARE_IMPLEMENTATION,Healthcare implementation / project / program,10,P1-healthcare-implementation-project,3,3,1,31001,"""healthcare project coordinator""",True,30,newest,True,healthcare_data_quality,https://www.indeed.com/jobs?q=%22healthcare+project+coordinator%22&l=Remote&fromage=30&sort=date,C_DEEP_BACKFILL,
T17941868C831E256C9,jobbot-broad-qualified-yield,2026-09-22.1,healthcare_project_implementation_program_support,exact_phrase,indeed_exact_phrase,indeed,HEALTHCARE_IMPLEMENTATION,HEALTHCARE_IMPLEMENTATION,Healthcare implementation / project / program,10,P1-healthcare-implementation-project,3,3,1,31002,"""implementation coordinator healthcare""",True,30,newest,True,healthcare_data_quality,https://www.indeed.com/jobs?q=%22implementation+coordinator+healthcare%22&l=Remote&fromage=30&sort=date,C_DEEP_BACKFILL,
TFBCA281C71CD45517D,jobbot-broad-qualified-yield,2026-09-22.1,healthcare_project_implementation_program_support,compact_boolean,indeed_compact_boolean,indeed,HEALTHCARE_IMPLEMENTATION,HEALTHCARE_IMPLEMENTATION,Healthcare implementation / project / program,10,P1-healthcare-implementation-project,3,3,1,32001,"""healthcare implementation"" OR ""project coordinator"" healthcare",True,30,newest,True,healthcare_data_quality,https://www.indeed.com/jobs?q=%22healthcare+implementation%22+OR+%22project+coordinator%22+healthcare&l=Remote&fromage=30&sort=date,C_DEEP_BACKFILL,
T83FB28D50EB26400C5,jobbot-broad-qualified-yield,2026-09-22.1,higher_ed_academic_back_office,exact_phrase,indeed_exact_phrase,indeed,HIGHER_ED_EDTECH,HIGHER_ED_EDTECH,Higher education / EdTech operations hedge,15,P2-higher-ed-edtech,4,4,2,41001,"""academic records specialist""",True,45,newest,True,higher_ed_records,https://www.indeed.com/jobs?q=%22academic+records+specialist%22&l=Remote&fromage=45&sort=date,C_DEEP_BACKFILL,
T26479A04152C41F952,jobbot-broad-qualified-yield,2026-09-22.1,higher_ed_academic_back_office,exact_phrase,indeed_exact_phrase,indeed,HIGHER_ED_EDTECH,HIGHER_ED_EDTECH,Higher education / EdTech operations hedge,15,P2-higher-ed-edtech,4,4,2,41002,"""registrar coordinator""",True,45,newest,True,higher_ed_records,https://www.indeed.com/jobs?q=%22registrar+coordinator%22&l=Remote&fromage=45&sort=date,C_DEEP_BACKFILL,
T245262E78F89C0CC28,jobbot-broad-qualified-yield,2026-09-22.1,higher_ed_academic_back_office,compact_boolean,indeed_compact_boolean,indeed,HIGHER_ED_EDTECH,HIGHER_ED_EDTECH,Higher education / EdTech operations hedge,15,P2-higher-ed-edtech,4,4,2,42001,"""academic records"" OR registrar university",True,45,newest,True,higher_ed_records,https://www.indeed.com/jobs?q=%22academic+records%22+OR+registrar+university&l=Remote&fromage=45&sort=date,C_DEEP_BACKFILL,
TCD00F3C7C3F389F40F,jobbot-broad-qualified-yield,2026-09-22.1,bounded_transferable_records_data_process_ops,exact_phrase,indeed_exact_phrase,indeed,FALLBACK_TRANSFERABLE,FALLBACK_TRANSFERABLE,Fallback transferable data / operations,0,P1-transferable-data-ops,5,5,4,51001,"""data integrity specialist""",True,30,newest,True,healthcare_data_quality,https://www.indeed.com/jobs?q=%22data+integrity+specialist%22&l=Remote&fromage=30&sort=date,C_DEEP_BACKFILL,
T4A4FCC2652C5597768,jobbot-broad-qualified-yield,2026-09-22.1,bounded_transferable_records_data_process_ops,exact_phrase,indeed_exact_phrase,indeed,FALLBACK_TRANSFERABLE,FALLBACK_TRANSFERABLE,Fallback transferable data / operations,0,P1-transferable-data-ops,5,5,4,51002,"""data validation specialist""",True,30,newest,True,healthcare_data_quality,https://www.indeed.com/jobs?q=%22data+validation+specialist%22&l=Remote&fromage=30&sort=date,C_DEEP_BACKFILL,
T25E3B9EE0540C7B125,jobbot-broad-qualified-yield,2026-09-22.1,bounded_transferable_records_data_process_ops,compact_boolean,indeed_compact_boolean,indeed,FALLBACK_TRANSFERABLE,FALLBACK_TRANSFERABLE,Fallback transferable data / operations,0,P1-transferable-data-ops,5,5,4,52001,"""data integrity"" OR ""data validation"" records",True,30,newest,True,healthcare_data_quality,https://www.indeed.com/jobs?q=%22data+integrity%22+OR+%22data+validation%22+records&l=Remote&fromage=30&sort=date,C_DEEP_BACKFILL,
T2467F5FC99FD6B163B,jobbot-broad-qualified-yield,2026-09-22.1,backoffice_patient_access_eligibility_enrollment,exact_phrase,indeed_exact_phrase,indeed,HEALTHCARE_OPS_ACCESS,HEALTHCARE_OPS_ACCESS,Healthcare operations / access,35,P0-healthcare-operations-access,6,6,0,61001,"""patient access specialist""",True,30,newest,True,enrollment_operations,https://www.indeed.com/jobs?q=%22patient+access+specialist%22&l=Remote&fromage=30&sort=date,C_DEEP_BACKFILL,
TCC793E025DBAB7DBD3,jobbot-broad-qualified-yield,2026-09-22.1,backoffice_patient_access_eligibility_enrollment,exact_phrase,indeed_exact_phrase,indeed,HEALTHCARE_OPS_ACCESS,HEALTHCARE_OPS_ACCESS,Healthcare operations / access,35,P0-healthcare-operations-access,6,6,0,61002,"""eligibility specialist healthcare""",True,30,newest,True,enrollment_operations,https://www.indeed.com/jobs?q=%22eligibility+specialist+healthcare%22&l=Remote&fromage=30&sort=date,C_DEEP_BACKFILL,
TA37D0B0DD21708BB20,jobbot-broad-qualified-yield,2026-09-22.1,backoffice_patient_access_eligibility_enrollment,compact_boolean,indeed_compact_boolean,indeed,HEALTHCARE_OPS_ACCESS,HEALTHCARE_OPS_ACCESS,Healthcare operations / access,35,P0-healthcare-operations-access,6,6,0,62001,"""patient enrollment"" OR ""eligibility specialist""",True,30,newest,True,enrollment_operations,https://www.indeed.com/jobs?q=%22patient+enrollment%22+OR+%22eligibility+specialist%22&l=Remote&fromage=30&sort=date,C_DEEP_BACKFILL,
TA3664DCAEA473D24E1,jobbot-broad-qualified-yield,2026-09-22.1,bilingual_ai_content_quality,exact_phrase,indeed_exact_phrase,indeed,CONTENT_AI_QUALITY,CONTENT_AI_QUALITY,Content / bilingual / AI quality opportunistic,5,P3-content-ai-quality,7,7,3,71001,"""Spanish content reviewer""",True,21,newest,True,content_quality,https://www.indeed.com/jobs?q=%22Spanish+content+reviewer%22&l=Remote&fromage=21&sort=date,C_DEEP_BACKFILL,
T39BAD425B34B2EB9FD,jobbot-broad-qualified-yield,2026-09-22.1,bilingual_ai_content_quality,exact_phrase,indeed_exact_phrase,indeed,CONTENT_AI_QUALITY,CONTENT_AI_QUALITY,Content / bilingual / AI quality opportunistic,5,P3-content-ai-quality,7,7,3,71002,"""bilingual language reviewer""",True,21,newest,True,content_quality,https://www.indeed.com/jobs?q=%22bilingual+language+reviewer%22&l=Remote&fromage=21&sort=date,C_DEEP_BACKFILL,
TEEE462B0214BEB2364,jobbot-broad-qualified-yield,2026-09-22.1,bilingual_ai_content_quality,compact_boolean,indeed_compact_boolean,indeed,CONTENT_AI_QUALITY,CONTENT_AI_QUALITY,Content / bilingual / AI quality opportunistic,5,P3-content-ai-quality,7,7,3,72001,"""Spanish content reviewer"" OR ""AI evaluator""",True,21,newest,True,content_quality,https://www.indeed.com/jobs?q=%22Spanish+content+reviewer%22+OR+%22AI+evaluator%22&l=Remote&fromage=21&sort=date,C_DEEP_BACKFILL,
TAA2E7556CD367C779F,jobbot-broad-qualified-yield,2026-09-22.1,provider_lifecycle_credentialing_data,narrow_title,glassdoor_narrow_title,glassdoor,HEALTHCARE_OPS_ACCESS,HEALTHCARE_OPS_ACCESS,Healthcare operations / access,35,P0-healthcare-operations-access,1,1,0,11001,provider enrollment specialist,True,30,newest,True,enrollment_operations,"https://www.glassdoor.com/Job/remote-provider-enrollment-specialist-jobs-SRCH_IL.0,6_IS11047_KO7,37.htm",C_DEEP_BACKFILL,
T5BD646B4459180CE47,jobbot-broad-qualified-yield,2026-09-22.1,provider_lifecycle_credentialing_data,narrow_title,glassdoor_narrow_title,glassdoor,HEALTHCARE_OPS_ACCESS,HEALTHCARE_OPS_ACCESS,Healthcare operations / access,35,P0-healthcare-operations-access,1,1,0,11002,credentialing coordinator,True,30,newest,True,enrollment_operations,"https://www.glassdoor.com/Job/remote-credentialing-coordinator-jobs-SRCH_IL.0,6_IS11047_KO7,32.htm",C_DEEP_BACKFILL,
TA2D067669F23822BDD,jobbot-broad-qualified-yield,2026-09-22.1,provider_lifecycle_credentialing_data,narrow_title,glassdoor_narrow_title,glassdoor,HEALTHCARE_OPS_ACCESS,HEALTHCARE_OPS_ACCESS,Healthcare operations / access,35,P0-healthcare-operations-access,1,1,0,11003,provider data specialist,True,30,newest,True,enrollment_operations,"https://www.glassdoor.com/Job/remote-provider-data-specialist-jobs-SRCH_IL.0,6_IS11047_KO7,31.htm",C_DEEP_BACKFILL,
T3BBD632EE7BED9FE6F,jobbot-broad-qualified-yield,2026-09-22.1,healthcare_quality_data_documentation_compliance,narrow_title,glassdoor_narrow_title,glassdoor,HEALTHCARE_QUALITY_DATA,HEALTHCARE_QUALITY_DATA,Healthcare quality / data / analytics,20,P1-healthcare-quality-data,2,2,1,21001,healthcare quality specialist,True,30,newest,True,healthcare_data_quality,"https://www.glassdoor.com/Job/remote-healthcare-quality-specialist-jobs-SRCH_IL.0,6_IS11047_KO7,36.htm",C_DEEP_BACKFILL,
TF8055ACC6B8DE61F70,jobbot-broad-qualified-yield,2026-09-22.1,healthcare_quality_data_documentation_compliance,narrow_title,glassdoor_narrow_title,glassdoor,HEALTHCARE_QUALITY_DATA,HEALTHCARE_QUALITY_DATA,Healthcare quality / data / analytics,20,P1-healthcare-quality-data,2,2,1,21002,medical records coordinator,True,30,newest,True,healthcare_data_quality,"https://www.glassdoor.com/Job/remote-medical-records-coordinator-jobs-SRCH_IL.0,6_IS11047_KO7,34.htm",C_DEEP_BACKFILL,
T7460CCB47EE617E967,jobbot-broad-qualified-yield,2026-09-22.1,healthcare_quality_data_documentation_compliance,narrow_title,glassdoor_narrow_title,glassdoor,HEALTHCARE_QUALITY_DATA,HEALTHCARE_QUALITY_DATA,Healthcare quality / data / analytics,20,P1-healthcare-quality-data,2,2,1,21003,documentation quality specialist,True,30,newest,True,healthcare_data_quality,"https://www.glassdoor.com/Job/remote-documentation-quality-specialist-jobs-SRCH_IL.0,6_IS11047_KO7,39.htm",C_DEEP_BACKFILL,
T9EF37924796BA82C3F,jobbot-broad-qualified-yield,2026-09-22.1,healthcare_project_implementation_program_support,narrow_title,glassdoor_narrow_title,glassdoor,HEALTHCARE_IMPLEMENTATION,HEALTHCARE_IMPLEMENTATION,Healthcare implementation / project / program,10,P1-healthcare-implementation-project,3,3,1,31001,healthcare project coordinator,True,30,newest,True,healthcare_data_quality,"https://www.glassdoor.com/Job/remote-healthcare-project-coordinator-jobs-SRCH_IL.0,6_IS11047_KO7,37.htm",C_DEEP_BACKFILL,
T0F1FAD7A89ECC489F1,jobbot-broad-qualified-yield,2026-09-22.1,healthcare_project_implementation_program_support,narrow_title,glassdoor_narrow_title,glassdoor,HEALTHCARE_IMPLEMENTATION,HEALTHCARE_IMPLEMENTATION,Healthcare implementation / project / program,10,P1-healthcare-implementation-project,3,3,1,31002,healthcare implementation coordinator,True,30,newest,True,healthcare_data_quality,"https://www.glassdoor.com/Job/remote-healthcare-implementation-coordinator-jobs-SRCH_IL.0,6_IS11047_KO7,44.htm",C_DEEP_BACKFILL,
TA840B5427DF55B6CDD,jobbot-broad-qualified-yield,2026-09-22.1,healthcare_project_implementation_program_support,narrow_title,glassdoor_narrow_title,glassdoor,HEALTHCARE_IMPLEMENTATION,HEALTHCARE_IMPLEMENTATION,Healthcare implementation / project / program,10,P1-healthcare-implementation-project,3,3,1,31003,healthcare program coordinator,True,30,newest,True,healthcare_data_quality,"https://www.glassdoor.com/Job/remote-healthcare-program-coordinator-jobs-SRCH_IL.0,6_IS11047_KO7,37.htm",C_DEEP_BACKFILL,
T5DC8B6EA54CE5B1802,jobbot-broad-qualified-yield,2026-09-22.1,higher_ed_academic_back_office,narrow_title,glassdoor_narrow_title,glassdoor,HIGHER_ED_EDTECH,HIGHER_ED_EDTECH,Higher education / EdTech operations hedge,15,P2-higher-ed-edtech,4,4,2,41001,academic records coordinator,True,45,newest,True,higher_ed_records,"https://www.glassdoor.com/Job/remote-academic-records-coordinator-jobs-SRCH_IL.0,6_IS11047_KO7,35.htm",C_DEEP_BACKFILL,
TB0F3C033CF892D3A66,jobbot-broad-qualified-yield,2026-09-22.1,higher_ed_academic_back_office,narrow_title,glassdoor_narrow_title,glassdoor,HIGHER_ED_EDTECH,HIGHER_ED_EDTECH,Higher education / EdTech operations hedge,15,P2-higher-ed-edtech,4,4,2,41002,registrar specialist,True,45,newest,True,higher_ed_records,"https://www.glassdoor.com/Job/remote-registrar-specialist-jobs-SRCH_IL.0,6_IS11047_KO7,27.htm",C_DEEP_BACKFILL,
TECB08459265977C1B6,jobbot-broad-qualified-yield,2026-09-22.1,higher_ed_academic_back_office,narrow_title,glassdoor_narrow_title,glassdoor,HIGHER_ED_EDTECH,HIGHER_ED_EDTECH,Higher education / EdTech operations hedge,15,P2-higher-ed-edtech,4,4,2,41003,EdTech learning operations coordinator,True,45,newest,True,higher_ed_records,"https://www.glassdoor.com/Job/remote-edtech-learning-operations-coordinator-jobs-SRCH_IL.0,6_IS11047_KO7,45.htm",C_DEEP_BACKFILL,
T82819DA8FEF8E76AC0,jobbot-broad-qualified-yield,2026-09-22.1,bounded_transferable_records_data_process_ops,narrow_title,glassdoor_narrow_title,glassdoor,FALLBACK_TRANSFERABLE,FALLBACK_TRANSFERABLE,Fallback transferable data / operations,0,P1-transferable-data-ops,5,5,4,51001,data integrity specialist,True,30,newest,True,healthcare_data_quality,"https://www.glassdoor.com/Job/remote-data-integrity-specialist-jobs-SRCH_IL.0,6_IS11047_KO7,32.htm",C_DEEP_BACKFILL,
TE3E0F70887A9301441,jobbot-broad-qualified-yield,2026-09-22.1,bounded_transferable_records_data_process_ops,narrow_title,glassdoor_narrow_title,glassdoor,FALLBACK_TRANSFERABLE,FALLBACK_TRANSFERABLE,Fallback transferable data / operations,0,P1-transferable-data-ops,5,5,4,51002,data validation coordinator,True,30,newest,True,healthcare_data_quality,"https://www.glassdoor.com/Job/remote-data-validation-coordinator-jobs-SRCH_IL.0,6_IS11047_KO7,34.htm",C_DEEP_BACKFILL,
T060F4E133564C43486,jobbot-broad-qualified-yield,2026-09-22.1,bounded_transferable_records_data_process_ops,narrow_title,glassdoor_narrow_title,glassdoor,FALLBACK_TRANSFERABLE,FALLBACK_TRANSFERABLE,Fallback transferable data / operations,0,P1-transferable-data-ops,5,5,4,51003,records quality specialist,True,30,newest,True,healthcare_data_quality,"https://www.glassdoor.com/Job/remote-records-quality-specialist-jobs-SRCH_IL.0,6_IS11047_KO7,33.htm",C_DEEP_BACKFILL,
TC4CE749ED4FD2640C9,jobbot-broad-qualified-yield,2026-09-22.1,backoffice_patient_access_eligibility_enrollment,narrow_title,glassdoor_narrow_title,glassdoor,HEALTHCARE_OPS_ACCESS,HEALTHCARE_OPS_ACCESS,Healthcare operations / access,35,P0-healthcare-operations-access,6,6,0,61001,patient access specialist,True,30,newest,True,enrollment_operations,"https://www.glassdoor.com/Job/remote-patient-access-specialist-jobs-SRCH_IL.0,6_IS11047_KO7,32.htm",C_DEEP_BACKFILL,
T61CB227C3F6CA54DB8,jobbot-broad-qualified-yield,2026-09-22.1,backoffice_patient_access_eligibility_enrollment,narrow_title,glassdoor_narrow_title,glassdoor,HEALTHCARE_OPS_ACCESS,HEALTHCARE_OPS_ACCESS,Healthcare operations / access,35,P0-healthcare-operations-access,6,6,0,61002,eligibility coordinator healthcare,True,30,newest,True,enrollment_operations,"https://www.glassdoor.com/Job/remote-eligibility-coordinator-healthcare-jobs-SRCH_IL.0,6_IS11047_KO7,41.htm",C_DEEP_BACKFILL,
TF973D7CF1330B4E58E,jobbot-broad-qualified-yield,2026-09-22.1,backoffice_patient_access_eligibility_enrollment,narrow_title,glassdoor_narrow_title,glassdoor,HEALTHCARE_OPS_ACCESS,HEALTHCARE_OPS_ACCESS,Healthcare operations / access,35,P0-healthcare-operations-access,6,6,0,61003,patient enrollment coordinator,True,30,newest,True,enrollment_operations,"https://www.glassdoor.com/Job/remote-patient-enrollment-coordinator-jobs-SRCH_IL.0,6_IS11047_KO7,37.htm",C_DEEP_BACKFILL,
T67DF3A47F740F64CAC,jobbot-broad-qualified-yield,2026-09-22.1,bilingual_ai_content_quality,narrow_title,glassdoor_narrow_title,glassdoor,CONTENT_AI_QUALITY,CONTENT_AI_QUALITY,Content / bilingual / AI quality opportunistic,5,P3-content-ai-quality,7,7,3,71001,Spanish content reviewer,True,21,newest,True,content_quality,"https://www.glassdoor.com/Job/remote-spanish-content-reviewer-jobs-SRCH_IL.0,6_IS11047_KO7,31.htm",C_DEEP_BACKFILL,
T27FE7BDBFA99FF81AD,jobbot-broad-qualified-yield,2026-09-22.1,bilingual_ai_content_quality,narrow_title,glassdoor_narrow_title,glassdoor,CONTENT_AI_QUALITY,CONTENT_AI_QUALITY,Content / bilingual / AI quality opportunistic,5,P3-content-ai-quality,7,7,3,71002,bilingual language quality analyst,True,21,newest,True,content_quality,"https://www.glassdoor.com/Job/remote-bilingual-language-quality-analyst-jobs-SRCH_IL.0,6_IS11047_KO7,41.htm",C_DEEP_BACKFILL,
T4971C7280508AB1594,jobbot-broad-qualified-yield,2026-09-22.1,bilingual_ai_content_quality,narrow_title,glassdoor_narrow_title,glassdoor,CONTENT_AI_QUALITY,CONTENT_AI_QUALITY,Content / bilingual / AI quality opportunistic,5,P3-content-ai-quality,7,7,3,71003,AI content evaluator Spanish,True,21,newest,True,content_quality,"https://www.glassdoor.com/Job/remote-ai-content-evaluator-spanish-jobs-SRCH_IL.0,6_IS11047_KO7,35.htm",C_DEEP_BACKFILL,
