job_id,change_status,last_changed_at,update_count,is_active,recommendation,application_priority_score,door_score,landing_score,career_score,relevance_score,qualification_score,urgency_score,application_friction_score,eligibility_confidence,remote_confidence,source_confidence,extraction_confidence,title,company,location_raw,salary_text,posted_at,posting_status,application_deadline,normalized_title_family,career_lane,search_profile,resume_variant,remote_gate,employment_type,employment_class,employment_reason,source_verification,source_verification_reason,canonical_verified,recall_reason,travel_percent,timezone_requirement,work_auth_gate,work_authorization_requirement,salary_annual_mid,canonical_source_site,canonical_url,apply_url,application_status,notes,first_seen,last_seen
JE7C00C6D89B78B,NEW,2026-09-07T19:24:45+00:00,0,1,SKIP_HARD_GATE,76.2,84.0,83.2,86.0,96.5,90.0,40.0,85.0,95.4,100.0,94.0,95.0,Healthcare Policy Consultant - Indianapolis Health (Remote),Milliman,Remote,,,unknown,,healthcare coordinator,healthcare_access,P0-healthcare-operations-access,enrollment_operations,reject,,internship,internship,assisted_board,user-assisted board capture; canonical employer verification still recommended,0,no recall-stage title archetype,,,unknown,,,linkedin,https://www.linkedin.com/jobs/view/4461169868/,https://www.linkedin.com/jobs/view/4461169868/,new,,2026-09-07T19:24:45+00:00,2026-09-07T19:24:45+00:00
J28865F90B9EE09,NEW,2026-09-07T19:24:56+00:00,0,1,VERIFY_SOURCE,74.2,81.2,79.2,86.0,96.5,90.0,40.0,85.0,94.9,98.0,94.0,95.0,Healthcare Data and Analytics Specialist - Remote - USA,FullStack,Remote,,,unknown,,healthcare coordinator,healthcare_access,P0-healthcare-operations-access,enrollment_operations,pass,,full_time_employee,full-time role; no contractor marker detected,assisted_board,user-assisted board capture; canonical employer verification still recommended,0,healthcare/access title signals: healthcare + specialist,,,review,"pplicants must be currently authorized to work in the United States on a full-time basis. FullStack will not sponsor applicants for work visas now or in the future. What We Offer Competitive Salary. Paid Time Off (vacation, sick leave. parental leave, and holidays). 100% remote work. The ability to work with leading st",,linkedin,https://www.linkedin.com/jobs/view/4453377636/,https://www.linkedin.com/jobs/view/4453377636/,new,,2026-09-07T19:24:56+00:00,2026-09-07T19:25:31+00:00
J99517CF648EEB3,UPDATED,2026-09-07T19:10:04+00:00,1,1,VERIFY_SOURCE,73.1,79.7,85.2,67.0,88.5,93.0,40.0,85.0,93.6,98.0,94.0,95.0,Intake Specialist,Float Health Brasil,Remote,,,unknown,,intake specialist,healthcare_access,P0-healthcare-operations-access,enrollment_operations,pass,,full_time_employee,full-time role; no contractor marker detected,assisted_board,user-assisted board capture; canonical employer verification still recommended,0,healthcare/access title signals: intake + specialist,,,unknown,,,linkedin,https://www.linkedin.com/jobs/view/4462620620/,https://www.linkedin.com/jobs/view/4462620620/,new,,2026-09-07T18:56:45+00:00,2026-09-07T19:10:04+00:00
JD057541ACD0DA9,NEW,2026-09-07T19:09:43+00:00,0,1,VERIFY_SOURCE,73.1,79.7,85.2,67.0,88.5,93.0,40.0,85.0,93.6,98.0,94.0,95.0,Intake Specialist,Float Health Brasil,Remote,,,unknown,,intake specialist,healthcare_access,P0-healthcare-operations-access,enrollment_operations,pass,,full_time_employee,full-time role; no contractor marker detected,assisted_board,user-assisted board capture; canonical employer verification still recommended,0,healthcare/access title signals: intake + specialist,,,unknown,,,linkedin,https://www.linkedin.com/jobs/view/4462615680/,https://www.linkedin.com/jobs/view/4462615680/,new,,2026-09-07T19:09:43+00:00,2026-09-07T19:09:43+00:00
J1089BD11FEFDFE,NEW,2026-09-07T19:09:48+00:00,0,1,VERIFY_SOURCE,72.6,79.0,79.4,78.0,96.5,91.0,40.0,85.0,90.1,78.0,94.0,95.0,Intake Operations Support Specialist,Optum,Remote,,,unknown,,intake support specialist,healthcare_access,P0-volume-healthcare-support,healthcare_qa_or_enrollment_ops,pass,,full_time_employee,full-time role; no contractor marker detected,assisted_board,user-assisted board capture; canonical employer verification still recommended,0,healthcare/access title signals: intake + specialist,,,unknown,,,linkedin,https://www.linkedin.com/jobs/view/4463659089/,https://www.linkedin.com/jobs/view/4463659089/,new,,2026-09-07T19:09:48+00:00,2026-09-07T19:09:48+00:00
J8B6D34191B87A5,UPDATED,2026-09-07T19:09:25+00:00,1,1,REVIEW_EMPLOYMENT,72.5,78.9,83.2,69.0,96.5,90.0,40.0,85.0,94.9,98.0,94.0,95.0,Care Connector,AmeriHealth Caritas,Remote,,,unknown,,care coordinator,healthcare_access,P0-healthcare-operations-access,enrollment_operations,pass,,unknown,employment arrangement not explicit enough,assisted_board,user-assisted board capture; canonical employer verification still recommended,0,no recall-stage title archetype,,,unknown,,,linkedin,https://www.linkedin.com/jobs/view/4462340113/,https://www.linkedin.com/jobs/view/4462340113/,new,,2026-09-07T19:08:24+00:00,2026-09-07T19:09:25+00:00
J7913C83BF75E3E,NEW,2026-09-07T19:23:48+00:00,0,1,SKIP_HARD_GATE,72.0,78.2,83.0,67.0,100.0,90.0,40.0,85.0,95.0,95.0,94.0,95.0,Healthcare Authorization Specialist,"Daley And Associates, LLC",Remote,,,unknown,,authorization specialist,healthcare_access,P0-healthcare-operations-access,enrollment_operations,reject,,fixed_term_employee,fixed-term/contract arrangement stated,assisted_board,user-assisted board capture; canonical employer verification still recommended,0,healthcare/access title signals: healthcare + specialist,,,unknown,,,linkedin,https://www.linkedin.com/jobs/view/4458761345/,https://www.linkedin.com/jobs/view/4458761345/,new,,2026-09-07T19:23:48+00:00,2026-09-07T19:23:48+00:00
J47D376528F13C8,NEW,2026-09-07T19:09:31+00:00,0,1,REVIEW_EMPLOYMENT,71.7,77.8,76.8,80.0,96.5,85.0,40.0,85.0,79.1,40.0,94.0,95.0,"HIM Health Record Associate, Remote, Health Information Management, FT, 08:30A-5P",Baptist Health,Remote,,,unknown,,health information specialist,healthcare_access,P0-health-information-quality-access,healthcare_qa,review,,unknown,employment arrangement not explicit enough,assisted_board,user-assisted board capture; canonical employer verification still recommended,0,healthcare/access title signals: health information + associate,,,unknown,,,linkedin,https://www.linkedin.com/jobs/view/4463650040/,https://www.linkedin.com/jobs/view/4463650040/,new,,2026-09-07T19:09:31+00:00,2026-09-07T19:09:31+00:00
JCF281AD7AD7FD0,NEW,2026-09-07T19:24:24+00:00,0,1,REVIEW_EMPLOYMENT,71.1,77.0,73.2,86.0,96.5,80.0,40.0,85.0,77.9,40.0,94.0,95.0,Application Analyst - Maestro Care Beaker - Level 2 - Remote,Duke University Health System,Remote,,,unknown,,care coordinator,healthcare_access,P0-healthcare-operations-access,enrollment_operations,review,,unknown,employment arrangement not explicit enough,assisted_board,user-assisted board capture; canonical employer verification still recommended,0,no recall-stage title archetype,,,unknown,,,linkedin,https://www.linkedin.com/jobs/view/4461936755/,https://www.linkedin.com/jobs/view/4461936755/,new,,2026-09-07T19:24:24+00:00,2026-09-07T19:24:24+00:00
J2BA4E58CC18E11,NEW,2026-09-07T19:09:50+00:00,0,1,REVIEW_EMPLOYMENT,70.5,76.9,76.5,78.0,96.5,85.0,40.0,79.0,79.1,40.0,94.0,95.0,"HIM Protected Health Info Specialist, Remote, Health Information Management, FT, 08:30A-5P",Baptist Health,Remote,,,unknown,,health information specialist,healthcare_access,P0-health-information-quality-access,healthcare_qa,review,,unknown,employment arrangement not explicit enough,assisted_board,user-assisted board capture; canonical employer verification still recommended,0,healthcare/access title signals: health information + specialist,,,unknown,,,linkedin,https://www.linkedin.com/jobs/view/4463650042/,https://www.linkedin.com/jobs/view/4463650042/,new,,2026-09-07T19:09:50+00:00,2026-09-07T19:09:50+00:00
JC2D696F094AD9D,NEW,2026-09-07T19:10:13+00:00,0,1,REVIEW_EMPLOYMENT,70.4,76.0,76.8,74.0,100.0,90.0,40.0,85.0,81.2,40.0,94.0,95.0,Patient Access Specialist,Syneos Health Commercial Solutions,Remote,,,unknown,,patient access specialist,healthcare_access,P0-healthcare-operations-access,enrollment_operations,review,,unknown,employment arrangement not explicit enough,assisted_board,user-assisted board capture; canonical employer verification still recommended,0,healthcare/access title signals: patient + specialist,30.0,,unknown,,,linkedin,https://www.linkedin.com/jobs/view/4451499761/,https://www.linkedin.com/jobs/view/4451499761/,new,,2026-09-07T19:10:13+00:00,2026-09-07T19:10:13+00:00
J96A805588CF7F2,NEW,2026-09-07T19:10:08+00:00,0,1,REVIEW_EMPLOYMENT,69.7,75.0,74.6,76.0,96.5,82.0,40.0,85.0,78.4,40.0,94.0,95.0,Principal Consultant - Health Information Management,Oracle,Remote,,,unknown,,health information specialist,healthcare_access,P0-health-information-quality-access,healthcare_qa,review,,unknown,employment arrangement not explicit enough,assisted_board,user-assisted board capture; canonical employer verification still recommended,0,specific workflow title: health information,,,unknown,,,linkedin,https://www.linkedin.com/jobs/view/4413603288/,https://www.linkedin.com/jobs/view/4413603288/,new,,2026-09-07T19:10:08+00:00,2026-09-07T19:24:17+00:00
J75C69C5F07140C,NEW,2026-09-07T19:09:52+00:00,0,1,REVIEW_EMPLOYMENT,69.7,75.0,74.6,76.0,96.5,82.0,40.0,85.0,78.4,40.0,94.0,95.0,Staff Consultant - Health Information Management,Oracle,Remote,,,unknown,,health information specialist,healthcare_access,P0-health-information-quality-access,healthcare_qa,review,,unknown,employment arrangement not explicit enough,assisted_board,user-assisted board capture; canonical employer verification still recommended,0,specific workflow title: health information,,,unknown,,,linkedin,https://www.linkedin.com/jobs/view/4450828814/,https://www.linkedin.com/jobs/view/4450828814/,new,,2026-09-07T19:09:52+00:00,2026-09-07T19:09:52+00:00
JF4077059274971,NEW,2026-09-07T18:56:01+00:00,0,1,REVIEW_EMPLOYMENT,67.0,71.3,73.2,67.0,96.5,80.0,40.0,85.0,70.4,40.0,94.0,65.0,Program Manager IV - Clinical Technology Operations,Centene Corporation,Remote,,,unknown,,clinical operations specialist,healthcare_access,P0-healthcare-operations-access,enrollment_operations,review,,unknown,employment arrangement not explicit enough,assisted_board,user-assisted board capture; canonical employer verification still recommended,0,healthcare/access title signals: clinical + operations,,,unknown,,,linkedin,https://www.linkedin.com/jobs/view/4464309900/,https://www.linkedin.com/jobs/view/4464309900/,new,,2026-09-07T18:56:01+00:00,2026-09-07T18:56:01+00:00
J26A304CB8AFE4E,NEW,2026-09-07T19:09:46+00:00,0,1,VERIFY_SOURCE,66.2,70.2,66.0,80.0,96.5,67.0,40.0,85.0,84.1,78.0,94.0,95.0,Quality Specialist - Patient Access-28718,Rush University Medical Center,Remote,,,unknown,,patient access specialist,healthcare_access,P0-healthcare-operations-access,enrollment_operations,pass,,full_time_employee,full-time role; no contractor marker detected,assisted_board,user-assisted board capture; canonical employer verification still recommended,0,healthcare/access title signals: patient + specialist,,,unknown,,,linkedin,https://www.linkedin.com/jobs/view/4454582434/,https://www.linkedin.com/jobs/view/4454582434/,new,,2026-09-07T19:09:46+00:00,2026-09-07T19:09:46+00:00
J8C5E08AE05082A,UPDATED,2026-09-07T19:09:21+00:00,1,1,REVIEW_EMPLOYMENT,65.7,69.5,70.2,68.0,100.0,78.0,40.0,85.0,87.8,78.0,94.0,95.0,Associate Clinical Implementation Specialist (Remote),Stryker,Remote,,,unknown,,implementation specialist,transferable_operations,P1-transferable-operations,enrollment_operations,pass,,unknown,employment arrangement not explicit enough,assisted_board,user-assisted board capture; canonical employer verification still recommended,0,healthcare/access title signals: clinical + specialist,80.0,,unknown,,,linkedin,https://www.linkedin.com/jobs/view/4462381045/,https://www.linkedin.com/jobs/view/4462381045/,new,,2026-09-07T19:08:09+00:00,2026-09-07T19:25:21+00:00
J9CF8AF16279217,NEW,2026-09-07T19:06:58+00:00,0,1,SKIP_HARD_GATE,65.3,68.9,70.2,66.0,93.5,78.0,40.0,85.0,86.1,78.0,94.0,95.0,Admissions Services Specialist Acute,Acadia Healthcare,Remote,,,unknown,,admissions specialist,higher_ed_edtech_hedge,P2-higher-ed-edtech,higher_ed_records,pass,,unknown,employment arrangement not explicit enough,assisted_board,user-assisted board capture; canonical employer verification still recommended,0,higher-ed workflow title,,,unknown,,,linkedin,https://www.linkedin.com/jobs/view/4384741222/,https://www.linkedin.com/jobs/view/4384741222/,new,,2026-09-07T19:06:58+00:00,2026-09-07T19:06:58+00:00
J6BD2E8E3893ACA,NEW,2026-09-07T18:57:08+00:00,0,1,REVIEW_EMPLOYMENT,63.5,66.4,64.8,70.0,95.0,68.0,40.0,85.0,67.0,40.0,94.0,65.0,Practice Manager - Implementation Services (Remote),Veeva Systems,Remote,,,unknown,,implementation specialist,transferable_operations,P1-transferable-operations,enrollment_operations,review,,unknown,employment arrangement not explicit enough,assisted_board,user-assisted board capture; canonical employer verification still recommended,0,no recall-stage title archetype,,,unknown,,,linkedin,https://www.linkedin.com/jobs/view/4444327309/,https://www.linkedin.com/jobs/view/4444327309/,new,,2026-09-07T18:57:08+00:00,2026-09-07T18:57:08+00:00
J8C89691B1B8CD8,NEW,2026-09-07T19:24:15+00:00,0,1,REVIEW_EMPLOYMENT,44.0,39.3,20.1,84.0,96.5,0.0,40.0,85.0,72.4,98.0,94.0,95.0,Lead Healthcare Integration Specialist,TimeDoc Health,Remote,,,unknown,,healthcare coordinator,healthcare_access,P0-healthcare-operations-access,enrollment_operations,pass,,unknown,employment arrangement not explicit enough,assisted_board,user-assisted board capture; canonical employer verification still recommended,0,healthcare/access title signals: healthcare + specialist,,,unknown,,,linkedin,https://www.linkedin.com/jobs/view/4446810734/,https://www.linkedin.com/jobs/view/4446810734/,new,,2026-09-07T19:24:15+00:00,2026-09-07T19:24:15+00:00
J9367119A3E80C3,NEW,2026-09-07T19:25:36+00:00,0,1,OUT_OF_SCOPE,0.0,0.0,0.0,0.0,0.0,0.0,40.0,85.0,0.0,98.0,94.0,95.0,"Medical Director, Clinical Informatics (Remote)",Ladders,Remote,,,unknown,,,,,,pass,,unknown,employment arrangement not explicit enough,assisted_board,user-assisted board capture; canonical employer verification still recommended,0,no recall-stage title archetype,,,unknown,,,linkedin,https://www.linkedin.com/jobs/view/4462800477/,https://www.linkedin.com/jobs/view/4462800477/,new,,2026-09-07T19:25:36+00:00,2026-09-07T19:25:36+00:00
J1A29CFE2B13B4C,NEW,2026-09-07T19:25:27+00:00,0,1,OUT_OF_SCOPE,0.0,0.0,0.0,0.0,0.0,0.0,40.0,85.0,0.0,40.0,94.0,95.0,Ultrasound Applications Specialist,GE HealthCare,Remote,,,unknown,,,,,,review,,unknown,employment arrangement not explicit enough,assisted_board,user-assisted board capture; canonical employer verification still recommended,0,no recall-stage title archetype,70.0,,review,"unded by career opportunities in a culture that fosters care, collaboration and support. #REMOTE We will not sponsor individuals for employment visas, now or in the future, for this job opening. Additional Information GE HealthCare offers a great work environment, professional development, challenging careers, and comp",,linkedin,https://www.linkedin.com/jobs/view/4463104548/,https://www.linkedin.com/jobs/view/4463104548/,new,,2026-09-07T19:25:27+00:00,2026-09-07T19:25:27+00:00
JCE16E795258CC6,NEW,2026-09-07T19:25:24+00:00,0,1,OUT_OF_SCOPE,0.0,0.0,0.0,0.0,0.0,0.0,40.0,79.0,0.0,95.0,94.0,95.0,Associate Medical Director Imaging,Imaging Endpoints,Remote,,,unknown,,,,,,reject,,unknown,employment arrangement not explicit enough,assisted_board,user-assisted board capture; canonical employer verification still recommended,0,healthcare/access title signals: medical + associate,10.0,,unknown,,,linkedin,https://www.linkedin.com/jobs/view/4461978794/,https://www.linkedin.com/jobs/view/4461978794/,new,,2026-09-07T19:25:24+00:00,2026-09-07T19:25:24+00:00
JC9E4E149C8C958,NEW,2026-09-07T19:09:40+00:00,0,1,OUT_OF_SCOPE,0.0,0.0,0.0,0.0,0.0,0.0,40.0,85.0,0.0,78.0,94.0,95.0,"Prin Health E​conomics, Policy and Reimbursement Generalist",Medtronic,Remote,,,unknown,,,,,,pass,,unknown,employment arrangement not explicit enough,assisted_board,user-assisted board capture; canonical employer verification still recommended,0,no recall-stage title archetype,,,unknown,,,linkedin,https://www.linkedin.com/jobs/view/4456330047/,https://www.linkedin.com/jobs/view/4456330047/,new,,2026-09-07T19:09:40+00:00,2026-09-07T19:25:16+00:00
J4756F10D7F594A,NEW,2026-09-07T19:06:53+00:00,0,1,OUT_OF_SCOPE,0.0,0.0,0.0,0.0,0.0,0.0,40.0,85.0,0.0,98.0,94.0,95.0,Technical Specialist - Active Medical Devices,BSI,Remote,,,unknown,,,,,,pass,,unknown,employment arrangement not explicit enough,assisted_board,user-assisted board capture; canonical employer verification still recommended,0,healthcare/access title signals: medical + specialist,,,unknown,,,linkedin,https://www.linkedin.com/jobs/view/4427228464/,https://www.linkedin.com/jobs/view/4427228464/,new,,2026-09-07T19:06:53+00:00,2026-09-07T19:25:03+00:00
J18524DDA5AE793,NEW,2026-09-07T19:24:59+00:00,0,1,OUT_OF_SCOPE,0.0,0.0,0.0,0.0,0.0,0.0,40.0,85.0,0.0,98.0,94.0,95.0,Medical Director - Clinical Advocacy and Support - Remote - PST preferred,Ladders,Remote,,,unknown,,,,,,pass,,unknown,employment arrangement not explicit enough,assisted_board,user-assisted board capture; canonical employer verification still recommended,0,healthcare/access title signals: medical + support,,,unknown,,,linkedin,https://www.linkedin.com/jobs/view/4462803453/,https://www.linkedin.com/jobs/view/4462803453/,new,,2026-09-07T19:24:59+00:00,2026-09-07T19:24:59+00:00
J3C817B128C5E3B,NEW,2026-09-07T19:09:55+00:00,0,1,OUT_OF_SCOPE,0.0,0.0,0.0,0.0,0.0,0.0,40.0,85.0,0.0,40.0,94.0,95.0,Clinical Applications Specialist Women's Health (West Coast),GE HealthCare,Remote,,,active,2026-11-04,,,,,review,,unknown,employment arrangement not explicit enough,assisted_board,user-assisted board capture; canonical employer verification still recommended,0,healthcare/access title signals: clinical + specialist,,,review,"be surrounded by career opportunities in a culture that fosters care, collaboration and support. We will not sponsor individuals for employment visas, now or in the future, for this job opening. For U.S. based positions only, the pay range for this position is $92,000.00-$138,000.00 Annual. It is not typical for an ind",,linkedin,https://www.linkedin.com/jobs/view/4463106173/,https://www.linkedin.com/jobs/view/4463106173/,new,,2026-09-07T19:09:55+00:00,2026-09-07T19:24:53+00:00
JC2F8A494C1110F,NEW,2026-09-07T19:24:41+00:00,0,1,OUT_OF_SCOPE,0.0,0.0,0.0,0.0,0.0,0.0,40.0,85.0,0.0,78.0,94.0,95.0,Director of Patient Access,Lorven Technologies Inc.,Remote,,,unknown,,,,,,pass,,unknown,employment arrangement not explicit enough,assisted_board,user-assisted board capture; canonical employer verification still recommended,0,specific workflow title: patient access,,,unknown,,,linkedin,https://www.linkedin.com/jobs/view/4462301825/,https://www.linkedin.com/jobs/view/4462301825/,new,,2026-09-07T19:24:41+00:00,2026-09-07T19:24:41+00:00
JC3C4162799F4DE,NEW,2026-09-07T19:24:38+00:00,0,1,OUT_OF_SCOPE,0.0,0.0,0.0,0.0,0.0,0.0,40.0,85.0,0.0,78.0,94.0,95.0,Clinical Specialist CRM - Sacramento,Medtronic,Remote,,,unknown,,,,,,pass,,unknown,employment arrangement not explicit enough,assisted_board,user-assisted board capture; canonical employer verification still recommended,0,healthcare/access title signals: clinical + specialist,80.0,,unknown,,,linkedin,https://www.linkedin.com/jobs/view/4456444258/,https://www.linkedin.com/jobs/view/4456444258/,new,,2026-09-07T19:24:38+00:00,2026-09-07T19:24:38+00:00
J4C08B705FDCA50,NEW,2026-09-07T19:24:27+00:00,0,1,OUT_OF_SCOPE,0.0,0.0,0.0,0.0,0.0,0.0,40.0,85.0,0.0,40.0,94.0,95.0,Sr Clinical Solutions MD,CVS Health,Remote,,,unknown,,,,,,review,,full_time_employee,full-time role; no contractor marker detected,assisted_board,user-assisted board capture; canonical employer verification still recommended,0,no recall-stage title archetype,25.0,,unknown,,,linkedin,https://www.linkedin.com/jobs/view/4462896248/,https://www.linkedin.com/jobs/view/4462896248/,new,,2026-09-07T19:24:27+00:00,2026-09-07T19:24:27+00:00
J10661D5926208D,NEW,2026-09-07T19:24:21+00:00,0,1,OUT_OF_SCOPE,0.0,0.0,0.0,0.0,0.0,0.0,40.0,79.0,0.0,40.0,94.0,95.0,"National Director, US Field Medical Cardiomyopathy",Jobgether,Remote,,,unknown,,,,,,review,,unknown,employment arrangement not explicit enough,assisted_board,user-assisted board capture; canonical employer verification still recommended,0,no recall-stage title archetype,,,unknown,,,linkedin,https://www.linkedin.com/jobs/view/4460796187/,https://www.linkedin.com/jobs/view/4460796187/,new,,2026-09-07T19:24:21+00:00,2026-09-07T19:24:21+00:00
J869DFC4C89F9AF,NEW,2026-09-07T19:24:09+00:00,0,1,OUT_OF_SCOPE,0.0,0.0,0.0,0.0,0.0,0.0,40.0,85.0,0.0,78.0,94.0,95.0,Surgical Onsite Specialist (Dallas TX),Medtronic,Remote,,,unknown,,,,,,pass,,unknown,employment arrangement not explicit enough,assisted_board,user-assisted board capture; canonical employer verification still recommended,0,no recall-stage title archetype,50.0,,unknown,,,linkedin,https://www.linkedin.com/jobs/view/4460396652/,https://www.linkedin.com/jobs/view/4460396652/,new,,2026-09-07T19:24:09+00:00,2026-09-07T19:24:09+00:00
JECFB047CB8E544,NEW,2026-09-07T19:23:55+00:00,0,1,OUT_OF_SCOPE,0.0,0.0,0.0,0.0,0.0,0.0,40.0,85.0,0.0,98.0,94.0,95.0,Epic Healthy Planet Analyst,GHR Healthcare,Remote,,,unknown,,,,,,pass,,full_time_employee,full-time role; no contractor marker detected,assisted_board,user-assisted board capture; canonical employer verification still recommended,0,no recall-stage title archetype,,,unknown,,,linkedin,https://www.linkedin.com/jobs/view/4461987928/,https://www.linkedin.com/jobs/view/4461987928/,new,,2026-09-07T19:23:55+00:00,2026-09-07T19:23:55+00:00
JA315E600755F41,NEW,2026-09-07T19:23:45+00:00,0,1,OUT_OF_SCOPE,0.0,0.0,0.0,0.0,0.0,0.0,40.0,85.0,0.0,78.0,94.0,95.0,"Hospital - CDI Specialist, Associate",UT Health San Antonio,Remote,,,unknown,,,,,,pass,,unknown,employment arrangement not explicit enough,assisted_board,user-assisted board capture; canonical employer verification still recommended,0,no recall-stage title archetype,,,unknown,,,linkedin,https://www.linkedin.com/jobs/view/4461188934/,https://www.linkedin.com/jobs/view/4461188934/,new,,2026-09-07T19:23:45+00:00,2026-09-07T19:23:45+00:00
JEDC90AC30237B5,NEW,2026-09-07T19:23:43+00:00,0,1,OUT_OF_SCOPE,0.0,0.0,0.0,0.0,0.0,0.0,40.0,85.0,0.0,40.0,94.0,95.0,Remote Inpatient Medicare Medical Director,Centene Corporation,Remote,,,unknown,,,,,,review,,part_time,part-time/variable-hour role,assisted_board,user-assisted board capture; canonical employer verification still recommended,0,no recall-stage title archetype,,,unknown,,,linkedin,https://www.linkedin.com/jobs/view/4454800985/,https://www.linkedin.com/jobs/view/4454800985/,new,,2026-09-07T19:23:43+00:00,2026-09-07T19:23:43+00:00
J1A2A015163D58F,NEW,2026-09-07T19:23:38+00:00,0,1,OUT_OF_SCOPE,0.0,0.0,0.0,0.0,0.0,0.0,40.0,85.0,0.0,40.0,94.0,95.0,"Sr. Vascular Clinical Specialist - Cleveland, OH",Medtronic,Remote,,,unknown,,,,,,review,,unknown,employment arrangement not explicit enough,assisted_board,user-assisted board capture; canonical employer verification still recommended,0,healthcare/access title signals: clinical + specialist,50.0,,unknown,,,linkedin,https://www.linkedin.com/jobs/view/4457658994/,https://www.linkedin.com/jobs/view/4457658994/,new,,2026-09-07T19:23:38+00:00,2026-09-07T19:23:38+00:00
J06812BA6BF2B21,NEW,2026-09-07T19:23:35+00:00,0,1,OUT_OF_SCOPE,0.0,0.0,0.0,0.0,0.0,0.0,40.0,85.0,0.0,98.0,94.0,95.0,Health Informatics Analyst,Alignerr,Remote,,,unknown,,,,,,pass,,independent_contractor,posting explicitly identifies contractor/1099/freelance arrangement,assisted_board,user-assisted board capture; canonical employer verification still recommended,0,no recall-stage title archetype,,,unknown,,,linkedin,https://www.linkedin.com/jobs/view/4464085492/,https://www.linkedin.com/jobs/view/4464085492/,new,,2026-09-07T19:23:35+00:00,2026-09-07T19:23:35+00:00
J5CC7FF6563AED6,NEW,2026-09-07T19:23:20+00:00,0,1,OUT_OF_SCOPE,0.0,0.0,0.0,0.0,0.0,0.0,40.0,85.0,0.0,98.0,94.0,95.0,Medical Director - Inpatient Review,Humana,Remote,,,unknown,,,,,,pass,,full_time_employee,full-time role; no contractor marker detected,assisted_board,user-assisted board capture; canonical employer verification still recommended,0,no recall-stage title archetype,,,unknown,,,linkedin,https://www.linkedin.com/jobs/view/4451713896/,https://www.linkedin.com/jobs/view/4451713896/,new,,2026-09-07T19:23:20+00:00,2026-09-07T19:23:20+00:00
J556F4A96A80728,NEW,2026-09-07T19:23:16+00:00,0,1,OUT_OF_SCOPE,0.0,0.0,0.0,0.0,0.0,0.0,40.0,85.0,0.0,40.0,94.0,95.0,"Remote Medical Director, Inpatient Medicare",Centene Corporation,Remote,,,unknown,,,,,,review,,part_time,part-time/variable-hour role,assisted_board,user-assisted board capture; canonical employer verification still recommended,0,no recall-stage title archetype,,,unknown,,,linkedin,https://www.linkedin.com/jobs/view/4454595957/,https://www.linkedin.com/jobs/view/4454595957/,new,,2026-09-07T19:23:16+00:00,2026-09-07T19:23:16+00:00
J5F77407F035A94,NEW,2026-09-07T19:23:13+00:00,0,1,OUT_OF_SCOPE,0.0,0.0,0.0,0.0,0.0,0.0,40.0,85.0,0.0,40.0,94.0,95.0,Medical Director (WA),Molina Healthcare,Remote,,,unknown,,,,,,review,,unknown,employment arrangement not explicit enough,assisted_board,user-assisted board capture; canonical employer verification still recommended,0,no recall-stage title archetype,,,unknown,,,linkedin,https://www.linkedin.com/jobs/view/4463781716/,https://www.linkedin.com/jobs/view/4463781716/,new,,2026-09-07T19:23:13+00:00,2026-09-07T19:23:13+00:00
J5A1A6A7531966C,NEW,2026-09-07T19:23:09+00:00,0,1,OUT_OF_SCOPE,0.0,0.0,0.0,0.0,0.0,0.0,40.0,85.0,0.0,98.0,94.0,95.0,Hospital Health Data Governance Lead,Alignerr,Remote,,,unknown,,,,,,pass,,independent_contractor,posting explicitly identifies contractor/1099/freelance arrangement,assisted_board,user-assisted board capture; canonical employer verification still recommended,0,no recall-stage title archetype,,,unknown,,,linkedin,https://www.linkedin.com/jobs/view/4464077475/,https://www.linkedin.com/jobs/view/4464077475/,new,,2026-09-07T19:23:09+00:00,2026-09-07T19:23:09+00:00
J0017F6615539CB,NEW,2026-09-07T19:23:06+00:00,0,1,OUT_OF_SCOPE,0.0,0.0,0.0,0.0,0.0,0.0,40.0,85.0,0.0,78.0,94.0,95.0,"Principal Clinical Specialist, Coronary Renal Denervation - Dallas, TX",Medtronic,Remote,,,unknown,,,,,,pass,,unknown,employment arrangement not explicit enough,assisted_board,user-assisted board capture; canonical employer verification still recommended,0,healthcare/access title signals: clinical + specialist,80.0,,unknown,,,linkedin,https://www.linkedin.com/jobs/view/4460572204/,https://www.linkedin.com/jobs/view/4460572204/,new,,2026-09-07T19:23:06+00:00,2026-09-07T19:23:06+00:00
J24741BC4573AA9,NEW,2026-09-07T19:23:03+00:00,0,1,OUT_OF_SCOPE,0.0,0.0,0.0,0.0,0.0,0.0,40.0,85.0,0.0,40.0,94.0,95.0,"Clinical Specialist, Interventional Solutions - Honolulu, HI",Boston Scientific,Remote,,,unknown,,,,,,review,,full_time_employee,full-time role; no contractor marker detected,assisted_board,user-assisted board capture; canonical employer verification still recommended,0,healthcare/access title signals: clinical + specialist,,,unknown,,,linkedin,https://www.linkedin.com/jobs/view/4462727051/,https://www.linkedin.com/jobs/view/4462727051/,new,,2026-09-07T19:23:03+00:00,2026-09-07T19:23:03+00:00
J6BC6195C73CEC6,NEW,2026-09-07T19:23:01+00:00,0,1,OUT_OF_SCOPE,0.0,0.0,0.0,0.0,0.0,0.0,40.0,85.0,0.0,40.0,94.0,95.0,Senior Medical Director,Warman O'Brien,Remote,,,unknown,,,,,,review,,unknown,employment arrangement not explicit enough,assisted_board,user-assisted board capture; canonical employer verification still recommended,0,no recall-stage title archetype,,,unknown,,,linkedin,https://www.linkedin.com/jobs/view/4462213111/,https://www.linkedin.com/jobs/view/4462213111/,new,,2026-09-07T19:23:01+00:00,2026-09-07T19:23:01+00:00
J57CDD059D22C1A,NEW,2026-09-07T19:22:52+00:00,0,1,OUT_OF_SCOPE,0.0,0.0,0.0,0.0,0.0,0.0,40.0,79.0,0.0,95.0,94.0,95.0,"Senior Manager, Commercial Services – Diagnostics",Resmed,Remote,,,unknown,,,,,,reject,,unknown,employment arrangement not explicit enough,assisted_board,user-assisted board capture; canonical employer verification still recommended,0,no recall-stage title archetype,,,unknown,,,linkedin,https://www.linkedin.com/jobs/view/4440866187/,https://www.linkedin.com/jobs/view/4440866187/,new,,2026-09-07T19:22:52+00:00,2026-09-07T19:22:52+00:00
J69ADD84D0C4B68,NEW,2026-09-07T19:22:48+00:00,0,1,OUT_OF_SCOPE,0.0,0.0,0.0,0.0,0.0,0.0,40.0,79.0,0.0,98.0,94.0,95.0,Medical Case Manager I,CorVel Corporation,Remote,,,unknown,,,,,,pass,,full_time_employee,full-time role; no contractor marker detected,assisted_board,user-assisted board capture; canonical employer verification still recommended,0,no recall-stage title archetype,60.0,,unknown,,,linkedin,https://www.linkedin.com/jobs/view/4456355577/,https://www.linkedin.com/jobs/view/4456355577/,new,,2026-09-07T19:22:48+00:00,2026-09-07T19:22:48+00:00
JF995A6CA97B9CE,NEW,2026-09-07T19:22:46+00:00,0,1,OUT_OF_SCOPE,0.0,0.0,0.0,0.0,0.0,0.0,40.0,85.0,0.0,40.0,94.0,95.0,"Manager, MN Physician Compensation",Cedars-Sinai,Remote,,,unknown,,,,,,review,,unknown,employment arrangement not explicit enough,assisted_board,user-assisted board capture; canonical employer verification still recommended,0,explicit out-of-scope title,,,unknown,,,linkedin,https://www.linkedin.com/jobs/view/4425350488/,https://www.linkedin.com/jobs/view/4425350488/,new,,2026-09-07T19:22:46+00:00,2026-09-07T19:22:46+00:00
JA4547B403648A1,NEW,2026-09-07T19:22:43+00:00,0,1,OUT_OF_SCOPE,0.0,0.0,0.0,0.0,0.0,0.0,40.0,85.0,0.0,78.0,94.0,95.0,"Vascular Therapy Development Specialist - San Antonio, TX",Medtronic,Remote,,,unknown,,,,,,pass,,unknown,employment arrangement not explicit enough,assisted_board,user-assisted board capture; canonical employer verification still recommended,0,no recall-stage title archetype,70.0,,unknown,,,linkedin,https://www.linkedin.com/jobs/view/4460397819/,https://www.linkedin.com/jobs/view/4460397819/,new,,2026-09-07T19:22:43+00:00,2026-09-07T19:22:43+00:00
JD876800D752833,NEW,2026-09-07T19:22:40+00:00,0,1,OUT_OF_SCOPE,0.0,0.0,0.0,0.0,0.0,0.0,40.0,85.0,0.0,40.0,94.0,95.0,Senior Medical Affairs Director - Cardiology,Warman O'Brien,Remote,,,unknown,,,,,,review,,unknown,employment arrangement not explicit enough,assisted_board,user-assisted board capture; canonical employer verification still recommended,0,no recall-stage title archetype,,,unknown,,,linkedin,https://www.linkedin.com/jobs/view/4462209725/,https://www.linkedin.com/jobs/view/4462209725/,new,,2026-09-07T19:22:40+00:00,2026-09-07T19:22:40+00:00
J5F2BFD69CDA159,NEW,2026-09-07T19:22:37+00:00,0,1,OUT_OF_SCOPE,0.0,0.0,0.0,0.0,0.0,0.0,40.0,85.0,0.0,40.0,94.0,95.0,"Associate Chief Medical Officer, Fresenius Kidney Care",Fresenius Medical Care,Remote,,,unknown,,,,,,review,,unknown,employment arrangement not explicit enough,assisted_board,user-assisted board capture; canonical employer verification still recommended,0,healthcare/access title signals: medical + associate,,,unknown,,,linkedin,https://www.linkedin.com/jobs/view/4455245512/,https://www.linkedin.com/jobs/view/4455245512/,new,,2026-09-07T19:22:37+00:00,2026-09-07T19:22:37+00:00
J300F50E163D6E7,NEW,2026-09-07T19:10:16+00:00,0,1,OUT_OF_SCOPE,0.0,0.0,0.0,0.0,0.0,0.0,40.0,85.0,0.0,78.0,94.0,95.0,Senior Surgical Onsite Specialist - Lung Health (Dallas),Medtronic,Remote,,,unknown,,,,,,pass,,unknown,employment arrangement not explicit enough,assisted_board,user-assisted board capture; canonical employer verification still recommended,0,no recall-stage title archetype,75.0,,unknown,,,linkedin,https://www.linkedin.com/jobs/view/4452630296/,https://www.linkedin.com/jobs/view/4452630296/,new,,2026-09-07T19:10:16+00:00,2026-09-07T19:10:16+00:00
JF7E40A14BDFB7D,UPDATED,2026-09-07T19:09:28+00:00,1,1,OUT_OF_SCOPE,0.0,0.0,0.0,0.0,0.0,0.0,40.0,85.0,0.0,40.0,94.0,95.0,"Sr. Ultrasound Clinical Account Specialist, Cardiac Sonographer (Omaha, NE) – Johnson and Johnson MedTech, Structural Heart",Johnson & Johnson,Remote,,,unknown,,,,,,review,,unknown,employment arrangement not explicit enough,assisted_board,user-assisted board capture; canonical employer verification still recommended,0,healthcare/access title signals: clinical + specialist,40.0,,unknown,,,linkedin,https://www.linkedin.com/jobs/view/4461402634/,https://www.linkedin.com/jobs/view/4461402634/,new,,2026-09-07T19:08:39+00:00,2026-09-07T19:09:28+00:00
J70C891625C2386,UPDATED,2026-09-07T19:09:17+00:00,1,1,OUT_OF_SCOPE,0.0,0.0,0.0,0.0,0.0,0.0,40.0,85.0,0.0,40.0,94.0,95.0,Therapy Development Specialist - (Pacific Northwest),"Penumbra, Inc.",Remote,,,unknown,,,,,,review,,unknown,employment arrangement not explicit enough,assisted_board,user-assisted board capture; canonical employer verification still recommended,0,no recall-stage title archetype,80.0,,unknown,,,linkedin,https://www.linkedin.com/jobs/view/4453799065/,https://www.linkedin.com/jobs/view/4453799065/,new,,2026-09-07T19:07:56+00:00,2026-09-07T19:09:17+00:00
JFCB5891F472117,UPDATED,2026-09-07T19:09:15+00:00,1,1,OUT_OF_SCOPE,0.0,0.0,0.0,0.0,0.0,0.0,40.0,85.0,0.0,40.0,94.0,95.0,"Clinical Specialist, CST - Portland, OR",Medtronic,Remote,,,unknown,,,,,,review,,unknown,employment arrangement not explicit enough,assisted_board,user-assisted board capture; canonical employer verification still recommended,0,healthcare/access title signals: clinical + specialist,,,unknown,,,linkedin,https://www.linkedin.com/jobs/view/4457663953/,https://www.linkedin.com/jobs/view/4457663953/,new,,2026-09-07T19:07:41+00:00,2026-09-07T19:09:15+00:00
J97F8C85FB1A7B3,NEW,2026-09-07T19:07:26+00:00,0,1,OUT_OF_SCOPE,0.0,0.0,0.0,0.0,0.0,0.0,40.0,85.0,0.0,40.0,94.0,95.0,Senior Knowledge Leader - Cerner Patient Accounting,Oracle,Remote,,,unknown,,,,,,review,,unknown,employment arrangement not explicit enough,assisted_board,user-assisted board capture; canonical employer verification still recommended,0,explicit out-of-scope title,,,unknown,,,linkedin,https://www.linkedin.com/jobs/view/4414038983/,https://www.linkedin.com/jobs/view/4414038983/,new,,2026-09-07T19:07:26+00:00,2026-09-07T19:09:13+00:00
J1C32FBEB3B448B,NEW,2026-09-07T19:07:08+00:00,0,1,OUT_OF_SCOPE,0.0,0.0,0.0,0.0,0.0,0.0,40.0,85.0,0.0,95.0,94.0,95.0,Endoscopy Clinical Specialist (Kansas City),Medtronic,Remote,,,unknown,,,,,,reject,,unknown,employment arrangement not explicit enough,assisted_board,user-assisted board capture; canonical employer verification still recommended,0,healthcare/access title signals: clinical + specialist,75.0,,unknown,,,linkedin,https://www.linkedin.com/jobs/view/4460351269/,https://www.linkedin.com/jobs/view/4460351269/,new,,2026-09-07T19:07:08+00:00,2026-09-07T19:07:08+00:00
J1EB2486A87D627,NEW,2026-09-07T19:07:04+00:00,0,1,OUT_OF_SCOPE,0.0,0.0,0.0,0.0,0.0,0.0,40.0,85.0,0.0,40.0,94.0,95.0,"Senior Clinical Specialist, Interventional Solutions - South Houston, TX",Boston Scientific,Remote,,,unknown,,,,,,review,,full_time_employee,full-time role; no contractor marker detected,assisted_board,user-assisted board capture; canonical employer verification still recommended,0,healthcare/access title signals: clinical + specialist,,,unknown,,,linkedin,https://www.linkedin.com/jobs/view/4462733023/,https://www.linkedin.com/jobs/view/4462733023/,new,,2026-09-07T19:07:04+00:00,2026-09-07T19:07:04+00:00
JA97698CB62E497,NEW,2026-09-07T19:07:01+00:00,0,1,OUT_OF_SCOPE,0.0,0.0,0.0,0.0,0.0,0.0,40.0,85.0,0.0,40.0,94.0,95.0,Senior Consultant – Oracle Health (VA Critical Support Solutions Team),Oracle,Remote,,,unknown,,,,,,review,,unknown,employment arrangement not explicit enough,assisted_board,user-assisted board capture; canonical employer verification still recommended,0,no recall-stage title archetype,50.0,,unknown,,,linkedin,https://www.linkedin.com/jobs/view/4385752698/,https://www.linkedin.com/jobs/view/4385752698/,new,,2026-09-07T19:07:01+00:00,2026-09-07T19:07:01+00:00
J540F179935A142,NEW,2026-09-07T19:06:55+00:00,0,1,OUT_OF_SCOPE,0.0,0.0,0.0,0.0,0.0,0.0,40.0,85.0,0.0,98.0,94.0,95.0,Risk Adjustment Documentation & Coding Educator (CRC Required),Privia Health,Remote,,,unknown,,,,,,pass,,unknown,employment arrangement not explicit enough,assisted_board,user-assisted board capture; canonical employer verification still recommended,0,no recall-stage title archetype,,,unknown,,,linkedin,https://www.linkedin.com/jobs/view/4434782034/,https://www.linkedin.com/jobs/view/4434782034/,new,,2026-09-07T19:06:55+00:00,2026-09-07T19:06:55+00:00
J86242DEFC27BAC,NEW,2026-09-07T19:06:51+00:00,0,1,OUT_OF_SCOPE,0.0,0.0,0.0,0.0,0.0,0.0,40.0,79.0,0.0,78.0,94.0,95.0,Health Insurance- Financial Clearance Associate II,Johns Hopkins Medicine,Remote,,,unknown,,,,,,pass,,full_time_employee,full-time role; no contractor marker detected,assisted_board,user-assisted board capture; canonical employer verification still recommended,0,no recall-stage title archetype,,,unknown,,,linkedin,https://www.linkedin.com/jobs/view/4462250061/,https://www.linkedin.com/jobs/view/4462250061/,new,,2026-09-07T19:06:51+00:00,2026-09-07T19:06:51+00:00
J9A20F44B52078D,NEW,2026-09-07T18:58:08+00:00,0,1,OUT_OF_SCOPE,0.0,0.0,0.0,0.0,0.0,0.0,40.0,85.0,0.0,40.0,94.0,65.0,Senior Clinical Study Manager,Leica Biosystems,Remote,,,unknown,,,,,,review,,unknown,employment arrangement not explicit enough,assisted_board,user-assisted board capture; canonical employer verification still recommended,0,no recall-stage title archetype,,,unknown,,,linkedin,https://www.linkedin.com/jobs/view/4441555465/,https://www.linkedin.com/jobs/view/4441555465/,new,,2026-09-07T18:58:08+00:00,2026-09-07T18:58:08+00:00
JCA2A7AFB101B2C,NEW,2026-09-07T18:56:31+00:00,0,1,OUT_OF_SCOPE,0.0,0.0,0.0,0.0,0.0,0.0,40.0,85.0,0.0,40.0,94.0,65.0,Application Support Specialist - Weekend Days,Sirona Medical,Remote,,,unknown,,,,,,review,,unknown,employment arrangement not explicit enough,assisted_board,user-assisted board capture; canonical employer verification still recommended,0,no recall-stage title archetype,,,unknown,,,linkedin,https://www.linkedin.com/jobs/view/4464041476/,https://www.linkedin.com/jobs/view/4464041476/,new,,2026-09-07T18:56:31+00:00,2026-09-07T18:56:31+00:00
JC5E615F8F3561F,NEW,2026-09-07T18:56:18+00:00,0,1,OUT_OF_SCOPE,0.0,0.0,0.0,0.0,0.0,0.0,40.0,85.0,0.0,40.0,94.0,65.0,Population Health Informaticist,Alignerr,Remote,,,unknown,,,,,,review,,unknown,employment arrangement not explicit enough,assisted_board,user-assisted board capture; canonical employer verification still recommended,0,no recall-stage title archetype,,,unknown,,,linkedin,https://www.linkedin.com/jobs/view/4464079443/,https://www.linkedin.com/jobs/view/4464079443/,new,,2026-09-07T18:56:18+00:00,2026-09-07T18:56:18+00:00
